Unnamed: 0,city,street_address,zip,lat,lon,name,rating,hours,place_id,elevation,closest_station_name,closest_station_lat,closest_station_lon,closest_station_dist,AssessorID,CT20
"0",Alhambra,1210 N Atlantic Blvd,"91801",34.1059937,-118.1343897,In-N-Out Burger,4.6,"Monday: 10:30 AM – 1:00 AM, Tuesday: 10:30 AM – 1:00 AM, Wednesday: 10:30 AM – 1:00 AM, Thursday: 10:30 AM – 1:00 AM, Friday: 10:30 AM – 1:30 AM, Saturday: 10:30 AM – 1:30 AM, Sunday: 10:30 AM – 1:00 AM",ChIJ48hKusLEwoARrSF8DOjZKgY,171.806381225586,Alhambra Fire Department Fire Station 71,34.0972169,-118.1300714,1.05382300926853,5322-011-075,"480400"
"1",Arcadia,420 N Santa Anita Ave,"91006",34.1453078,-118.03124,In-N-Out Burger,4.6,"Monday: 10:30 AM – 1:00 AM, Tuesday: 10:30 AM – 1:00 AM, Wednesday: 10:30 AM – 1:00 AM, Thursday: 10:30 AM – 1:00 AM, Friday: 10:30 AM – 1:30 AM, Saturday: 10:30 AM – 1:30 AM, Sunday: 10:30 AM – 1:00 AM",ChIJq5HEVIOMUocR1aaT_hDXIiQ,155.339797973633,Arcadia Fire Dept. Station 107,34.157589,-118.0348496,1.40542368169118,5773-002-055,"430801"
"2",Azusa,324 S Azusa Ave,"91702",34.1176435,-117.9073473,In-N-Out Burger,4.6,"Monday: 10:30 AM – 1:00 AM, Tuesday: 10:30 AM – 1:00 AM, Wednesday: 10:30 AM – 1:00 AM, Thursday: 10:30 AM – 1:00 AM, Friday: 10:30 AM – 1:30 AM, Saturday: 10:30 AM – 1:30 AM, Sunday: 10:30 AM – 1:00 AM",ChIJn_xtKuQnw4AR1IUB21Ymr6I,160.418746948242,Bradbury Fire Department,34.1319439,-117.9103911,1.61462908808901,8613-024-023,"404302"
"3",Azusa,988 E Alosta Ave,"91702",34.12835,-117.886278,In-N-Out Burger,4.7,"Monday: 10:30 AM – 1:00 AM, Tuesday: 10:30 AM – 1:00 AM, Wednesday: 10:30 AM – 1:00 AM, Thursday: 10:30 AM – 1:00 AM, Friday: 10:30 AM – 1:30 AM, Saturday: 10:30 AM – 1:30 AM, Sunday: 10:30 AM – 1:00 AM",ChIJSSkBJKgnw4ARVYWuSipUxk0,192.870208740234,Los Angeles County Fire Dept. Station 151,34.1378016,-117.8677589,2.00246569627569,8628-004-032,"404203"
"4",Baldwin Park,13850 Francisquito Ave,"91706",34.0676782,-117.9734536,In-N-Out Burger,4.7,"Monday: 10:30 AM – 1:00 AM, Tuesday: 10:30 AM – 1:00 AM, Wednesday: 10:30 AM – 1:00 AM, Thursday: 10:30 AM – 1:00 AM, Friday: 10:30 AM – 1:30 AM, Saturday: 10:30 AM – 1:30 AM, Sunday: 10:30 AM – 1:00 AM",ChIJ3_hJn__AwoARsO1trxoBg5I,102.032363891602,Industry Fire Department,34.0541034,-117.9893301,2.10176532555041,8558-028-027,"404703"
"5",Bellflower,17325 Bellflower Blvd,"90706",33.8750268,-118.1253889,In-N-Out Burger,4.6,"Monday: 10:30 AM – 1:00 AM, Tuesday: 10:30 AM – 1:00 AM, Wednesday: 10:30 AM – 1:00 AM, Thursday: 10:30 AM – 1:00 AM, Friday: 10:30 AM – 1:30 AM, Saturday: 10:30 AM – 1:30 AM, Sunday: 10:30 AM – 1:00 AM",ChIJT4vKfmgz3YAR8ZnNlaVTUQU,19.3684120178223,Los Angeles County Fire Dept. Station 23,33.8817798,-118.1301286,0.869082397193691,7161-008-007,"554404"
"6",Burbank,761 N 1st St,"91502",34.184954,-118.316081,In-N-Out Burger,4.6,"Monday: 10:30 AM – 1:00 AM, Tuesday: 10:30 AM – 1:00 AM, Wednesday: 10:30 AM – 1:00 AM, Thursday: 10:30 AM – 1:00 AM, Friday: 10:30 AM – 1:30 AM, Saturday: 10:30 AM – 1:30 AM, Sunday: 10:30 AM – 1:00 AM",ChIJFZo6iUSVwoARNU6w60iDGqY,183.40705871582,Burbank Fire Department HQ,34.1835268,-118.3090379,0.667009877837895,2460-023-061,"310701"
"7",Camarillo,1316 Ventura Blvd,"93010",34.2172777,-119.0530387,In-N-Out Burger,4.6,"Monday: 10:30 AM – 1:00 AM, Tuesday: 10:30 AM – 1:00 AM, Wednesday: 10:30 AM – 1:00 AM, Thursday: 10:30 AM – 1:00 AM, Friday: 10:30 AM – 1:30 AM, Saturday: 10:30 AM – 1:30 AM, Sunday: 10:30 AM – 1:00 AM",ChIJ_f1wYeRJ6IAR4DQaps275_I,38.4354782104492,Ventura County Fire Station 54,34.221818,-119.0407839,1.23471226740766,4472-016-012,
"8",Canoga Park,6841 Topanga Canyon Blvd,"91303",34.1949248,-118.6063827,In-N-Out Burger,4.6,"Monday: 10:30 AM – 1:00 AM, Tuesday: 10:30 AM – 1:00 AM, Wednesday: 10:30 AM – 1:00 AM, Thursday: 10:30 AM – 1:00 AM, Friday: 10:30 AM – 1:30 AM, Saturday: 10:30 AM – 1:30 AM, Sunday: 10:30 AM – 1:00 AM",ChIJDWLiTDycwoARzueB5sxtmS8,243.597900390625,Los Angeles Fire Dept. Station 72,34.1948964006485,-118.588870989596,1.6106048716009,2024-005-026,"135111"
"9",Cerritos,10900 Alondra Blvd,"90703",33.8870852,-118.1016148,In-N-Out Burger,4.6,"Monday: 10:30 AM – 1:00 AM, Tuesday: 10:30 AM – 1:00 AM, Wednesday: 10:30 AM – 1:00 AM, Thursday: 10:30 AM – 1:00 AM, Friday: 10:30 AM – 1:30 AM, Saturday: 10:30 AM – 1:30 AM, Sunday: 10:30 AM – 1:00 AM",ChIJja9CmFot3YARks5NaaQebhY,22.2096290588379,Los Angeles County Fire Dept. Station 115,33.8878001,-118.0921479,0.877468164223552,7016-002-051,"554521"
"10",Compton,2200 S Central Ave,"90220",33.8723526,-118.2480468,In-N-Out Burger,4.6,"Monday: 10:30 AM – 1:00 AM, Tuesday: 10:30 AM – 1:00 AM, Wednesday: 10:30 AM – 1:00 AM, Thursday: 10:30 AM – 1:00 AM, Friday: 10:30 AM – 1:30 AM, Saturday: 10:30 AM – 1:30 AM, Sunday: 10:30 AM – 1:00 AM",ChIJ8eTjV6_LwoARtAf5YOgQ9Uo,41.2390098571777,Compton Fire Dept. Station 4,33.8757358,-118.2397825,0.850675209146295,7319-003-109,"543203"
"11",Covina,1371 Grand Ave,"91722",34.1049029,-117.8730604,In-N-Out Burger,4.7,"Monday: 10:30 AM – 1:00 AM, Tuesday: 10:30 AM – 1:00 AM, Wednesday: 10:30 AM – 1:00 AM, Thursday: 10:30 AM – 1:00 AM, Friday: 10:30 AM – 1:30 AM, Saturday: 10:30 AM – 1:30 AM, Sunday: 10:30 AM – 1:00 AM",ChIJnxDhiQnXwoARYhAnSuBsJcU,197.864181518555,Los Angeles County Fire Dept. Station 153,34.0961106,-117.8576181,1.72554538016765,8405-001-030,"403801"
"12",Culver City,13425 Washington Blvd,"90292",33.9916475,-118.4462335,In-N-Out Burger,4.5,"Monday: 10:30 AM – 1:00 AM, Tuesday: 10:30 AM – 1:00 AM, Wednesday: 10:30 AM – 1:00 AM, Thursday: 10:30 AM – 1:00 AM, Friday: 10:30 AM – 1:30 AM, Saturday: 10:30 AM – 1:30 AM, Sunday: 10:30 AM – 1:00 AM",ChIJ3zcEqI66woAR1Ej8yoqARk8,7.54338455200195,Los Angeles County Fire Dept. Station #110,33.9839714,-118.448567,0.880241665823329,4236-029-007,"702803"
"13",Diamond Bar,21133 Golden Springs Dr,"91789",34.0004987,-117.8434861,In-N-Out Burger,4.6,"Monday: 10:30 AM – 1:00 AM, Tuesday: 10:30 AM – 1:00 AM, Wednesday: 10:30 AM – 1:00 AM, Thursday: 10:30 AM – 1:00 AM, Friday: 10:30 AM – 1:30 AM, Saturday: 10:30 AM – 1:30 AM, Sunday: 10:30 AM – 1:00 AM",ChIJPS4ihHcrw4AR0CFX7IOz_Q8,179.006973266602,Los Angeles County Fire Dept. Station 120,34.0019409,-117.8141655,2.70763091495059,8763-006-020,"403328"
"14",Downey,8767 Firestone Blvd,"90241",33.9360724,-118.1242232,In-N-Out Burger,4.7,"Monday: 10:30 AM – 1:00 AM, Tuesday: 10:30 AM – 1:00 AM, Wednesday: 10:30 AM – 1:00 AM, Thursday: 10:30 AM – 1:00 AM, Friday: 10:30 AM – 1:30 AM, Saturday: 10:30 AM – 1:30 AM, Sunday: 10:30 AM – 1:00 AM",ChIJc6ml1ZzNwoAR8De2jv6hql0,34.4987411499023,Downey Fire Dept. Station #4,33.943604,-118.108721,1.65725573442136,6254-028-028,"550901"
"15",El Segundo,600 N Sepulveda Blvd,"90266",33.9239,-118.39539,In-N-Out Burger,4.5,"Monday: 10:30 AM – 1:00 AM, Tuesday: 10:30 AM – 1:00 AM, Wednesday: 10:30 AM – 1:00 AM, Thursday: 10:30 AM – 1:00 AM, Friday: 10:30 AM – 1:30 AM, Saturday: 10:30 AM – 1:30 AM, Sunday: 10:30 AM – 1:00 AM",,37.1402702331543,El Segundo Fire Station #2,33.9238589,-118.3850482,0.954222218678014,4138-006-008,"980013"
"16",Gardena,1701 Artesia Blvd,"90248",33.8731232,-118.3073577,In-N-Out Burger,4.6,"Monday: 10:30 AM – 1:00 AM, Tuesday: 10:30 AM – 1:00 AM, Wednesday: 10:30 AM – 1:00 AM, Thursday: 10:30 AM – 1:00 AM, Friday: 10:30 AM – 1:30 AM, Saturday: 10:30 AM – 1:30 AM, Sunday: 10:30 AM – 1:00 AM",ChIJ2_4hJWS1woAR89g78FFZh38,10.4409456253052,Los Angeles County Fire Dept. Station 158,33.8835008,-118.3060791,1.15995931011689,6106-010-114,"603302"
"17",Glendale,310 Harvey Dr,"91206",34.1486551,-118.2273294,In-N-Out Burger,4.6,"Monday: 10:30 AM – 1:00 AM, Tuesday: 10:30 AM – 1:00 AM, Wednesday: 10:30 AM – 1:00 AM, Thursday: 10:30 AM – 1:00 AM, Friday: 10:30 AM – 1:30 AM, Saturday: 10:30 AM – 1:30 AM, Sunday: 10:30 AM – 1:00 AM",ChIJ-TTKY3PBwoARUi52zuHAUNM,210.26286315918,Glendale Fire Station 25,34.1513698,-118.2372082,0.957872149167701,5661-019-001,"301000"
"18",Glendale,119 S Brand Blvd,"91210",34.1455831,-118.2552662,In-N-Out Burger,4.6,"Monday: 10:30 AM – 1:00 AM, Tuesday: 10:30 AM – 1:00 AM, Wednesday: 10:30 AM – 1:00 AM, Thursday: 10:30 AM – 1:00 AM, Friday: 10:30 AM – 1:30 AM, Saturday: 10:30 AM – 1:30 AM, Sunday: 10:30 AM – 1:00 AM",ChIJX16Kof_AwoAR6pUSP5qWddA,162.930297851562,Glendale Fire Station 21,34.1436674,-118.2610753,0.575474451069616,5642-001-923,"302301"
"19",Glendora,1261 S Lone Hill Ave,"91740",34.1167671,-117.8294641,In-N-Out Burger,4.7,"Monday: 10:30 AM – 1:00 AM, Tuesday: 10:30 AM – 1:00 AM, Wednesday: 10:30 AM – 1:00 AM, Thursday: 10:30 AM – 1:00 AM, Friday: 10:30 AM – 1:30 AM, Saturday: 10:30 AM – 1:30 AM, Sunday: 10:30 AM – 1:00 AM",ChIJwRm8fFMvw4AR5__hsWgIvGc,267.613830566406,Los Angeles County Fire Dept. Station 86,34.1282215,-117.8201282,1.53648526058097,8642-020-084,"401202"
"20",Hacienda Heights,14620 Gale Ave,"91745",34.0194329,-117.9872484,In-N-Out Burger,4.6,"Monday: 10:30 AM – 1:00 AM, Tuesday: 10:30 AM – 1:00 AM, Wednesday: 10:30 AM – 1:00 AM, Thursday: 10:30 AM – 1:00 AM, Friday: 10:30 AM – 1:30 AM, Saturday: 10:30 AM – 1:30 AM, Sunday: 10:30 AM – 1:00 AM",ChIJPa_okJDWwoAR0I7WROPDnrM,110.476432800293,Los Angeles County Fire Dept. Station 91,33.9965396,-117.9884997,2.54823397495099,8217-021-025,"408401"
"21",Hollywood,7009 Sunset Blvd,"90028",34.0982287,-118.3416747,In-N-Out Burger,4.5,"Monday: 10:30 AM – 1:00 AM, Tuesday: 10:30 AM – 1:00 AM, Wednesday: 10:30 AM – 1:00 AM, Thursday: 10:30 AM – 1:00 AM, Friday: 10:30 AM – 1:30 AM, Saturday: 10:30 AM – 1:30 AM, Sunday: 10:30 AM – 1:00 AM",ChIJDaqRkya_woARN85cYzM3cbA,105.607772827148,Los Angeles Fire Department Station 41,34.097288,-118.3531375,1.06064991136607,5548-013-027,"190102"
"22",Huntington Park,6000 Pacific Blvd,"90255",33.987022,-118.2248164,In-N-Out Burger,4.6,"Monday: 10:30 AM – 1:00 AM, Tuesday: 10:30 AM – 1:00 AM, Wednesday: 10:30 AM – 1:00 AM, Thursday: 10:30 AM – 1:00 AM, Friday: 10:30 AM – 1:30 AM, Saturday: 10:30 AM – 1:30 AM, Sunday: 10:30 AM – 1:00 AM",ChIJp3LZFiHJwoAR20ih6mmhqp0,52.7154693603516,Los Angeles County Fire Dept. Station 164,33.9832959,-118.2304771,0.666383646743847,6320-012-071,"532605"
"23",Industry,17849 Colima Rd,"91748",33.9903118,-117.9154051,In-N-Out Burger,4.7,"Monday: 10:30 AM – 1:00 AM, Tuesday: 10:30 AM – 1:00 AM, Wednesday: 10:30 AM – 1:00 AM, Thursday: 10:30 AM – 1:00 AM, Friday: 10:30 AM – 1:30 AM, Saturday: 10:30 AM – 1:30 AM, Sunday: 10:30 AM – 1:00 AM",ChIJbzNAfXsqw4AROkEFYd16l0I,136.443786621094,Los Angeles County Fire Dept. Station 118,34.0002482,-117.9354744,2.15498426534961,8265-044-042,"980035"
"24",Industry,21620 Valley Blvd,"91789",34.027487,-117.8346687,In-N-Out Burger,4.7,"Monday: 10:30 AM – 1:00 AM, Tuesday: 10:30 AM – 1:00 AM, Wednesday: 10:30 AM – 1:00 AM, Thursday: 10:30 AM – 1:00 AM, Friday: 10:30 AM – 1:30 AM, Saturday: 10:30 AM – 1:30 AM, Sunday: 10:30 AM – 1:00 AM",ChIJiwk1-vQrw4ARVR5LwUN-UjQ,184.702545166016,Los Angeles County Fire Station 146,34.0450905,-117.8528439,2.57610827383541,8709-106-010,"403327"
"25",Inglewood,3411 W Century Blvd,"90303",33.9457913,-118.3323452,In-N-Out Burger,4.6,"Monday: 10:30 AM – 1:00 AM, Tuesday: 10:30 AM – 1:00 AM, Wednesday: 10:30 AM – 1:00 AM, Thursday: 10:30 AM – 1:00 AM, Friday: 10:30 AM – 1:30 AM, Saturday: 10:30 AM – 1:30 AM, Sunday: 10:30 AM – 1:00 AM",ChIJNZfs_EK2woARFSCfjQganDg,41.6107406616211,Los Angeles County Fire Dept. Station 170,33.9384212,-118.3268838,0.961991214815889,4025-020-008,"600702"
"26",La Mirada,14341 Firestone Blvd,"90638",33.8826416,-118.0246209,In-N-Out Burger,4.7,"Monday: 10:30 AM – 1:00 AM, Tuesday: 10:30 AM – 1:00 AM, Wednesday: 10:30 AM – 1:00 AM, Thursday: 10:30 AM – 1:00 AM, Friday: 10:30 AM – 1:30 AM, Saturday: 10:30 AM – 1:30 AM, Sunday: 10:30 AM – 1:00 AM",ChIJHc5dc4Qs3YARtQICsOW_Leo,20.468074798584,Los Angeles County Fire Dept. Station 35,33.8736066,-118.0394337,1.69684942570163,7001-013-117,"503902"
"27",La Puente,15259 E Amar Rd,"91792",34.03755,-117.95167,In-N-Out Burger,4.6,"Monday: 10:30 AM – 1:00 AM, Tuesday: 10:30 AM – 1:00 AM, Wednesday: 10:30 AM – 1:00 AM, Thursday: 10:30 AM – 1:00 AM, Friday: 10:30 AM – 1:30 AM, Saturday: 10:30 AM – 1:30 AM, Sunday: 10:30 AM – 1:00 AM",,99.8247222900391,Los Angeles County Fire Dept. Station 26,34.0363208,-117.9513042,0.140775801811449,8472-039-019,"407601"
"28",La Verne,2098 Foothill Blvd,"91750",34.1131477,-117.7655802,In-N-Out Burger,4.7,"Monday: 10:30 AM – 1:00 AM, Tuesday: 10:30 AM – 1:00 AM, Wednesday: 10:30 AM – 1:00 AM, Thursday: 10:30 AM – 1:00 AM, Friday: 10:30 AM – 1:30 AM, Saturday: 10:30 AM – 1:30 AM, Sunday: 10:30 AM – 1:00 AM",ChIJZXiNRrcvw4ARe-a1qJ0qzRI,338.829681396484,City of La Verne Fire Station 61,34.1010627,-117.7711061,1.43687734597007,8375-001-018,"401602"
"29",Lakewood,5820 Bellflower Blvd,"90713",33.8610482,-118.1246689,In-N-Out Burger,4.6,"Monday: 10:30 AM – 1:00 AM, Tuesday: 10:30 AM – 1:00 AM, Wednesday: 10:30 AM – 1:00 AM, Thursday: 10:30 AM – 1:00 AM, Friday: 10:30 AM – 1:30 AM, Saturday: 10:30 AM – 1:30 AM, Sunday: 10:30 AM – 1:00 AM",ChIJnbQ2-48y3YARgirIVsmPfVQ,17.5547008514404,Los Angeles County Fire Dept. Station 45,33.8535291,-118.1441977,1.9876765241757,7165-002-037,"570001"
"30",Lancaster,2021 W Ave I,"93536",34.7044701,-118.1669994,In-N-Out Burger,4.7,"Monday: 10:30 AM – 1:00 AM, Tuesday: 10:30 AM – 1:00 AM, Wednesday: 10:30 AM – 1:00 AM, Thursday: 10:30 AM – 1:00 AM, Friday: 10:30 AM – 1:30 AM, Saturday: 10:30 AM – 1:30 AM, Sunday: 10:30 AM – 1:00 AM",ChIJQdZt3NNEwoARcAF_WauxvUc,709.256591796875,Los Angeles County Fire Dept. Station 33,34.6993703,-118.141368,2.41077024241941,3114-013-082,"900901"
"31",Long Beach,6391 Pacific Coast Hwy,"90803",33.7584358,-118.1110948,In-N-Out Burger,4.6,"Monday: 10:30 AM – 1:00 AM, Tuesday: 10:30 AM – 1:00 AM, Wednesday: 10:30 AM – 1:00 AM, Thursday: 10:30 AM – 1:00 AM, Friday: 10:30 AM – 1:30 AM, Saturday: 10:30 AM – 1:30 AM, Sunday: 10:30 AM – 1:00 AM",ChIJy9T1k9gv3YARIQPNoStldu0,3.90615606307983,Long Beach Fire Dept. Station 21,33.7507195,-118.1137669,0.892869632113971,7237-017-022,"980007"
"32",Long Beach,4600 E Los Coyotes Diagonal,"90815",33.7911915,-118.1401318,In-N-Out Burger,4.6,"Monday: 10:30 AM – 1:00 AM, Tuesday: 10:30 AM – 1:00 AM, Wednesday: 10:30 AM – 1:00 AM, Thursday: 10:30 AM – 1:00 AM, Friday: 10:30 AM – 1:30 AM, Saturday: 10:30 AM – 1:30 AM, Sunday: 10:30 AM – 1:00 AM",ChIJz3m29JMx3YARId4O4ll1KqU,7.97965812683105,Long Beach Fire Dept. Station 17,33.7983009,-118.1363792,0.863241170411263,7219-023-021,"574902"
"33",Long Beach,7691 Carson Blvd,"90808",33.8310886,-118.0848507,In-N-Out Burger,4.7,"Monday: 10:30 AM – 1:00 AM, Tuesday: 10:30 AM – 1:00 AM, Wednesday: 10:30 AM – 1:00 AM, Thursday: 10:30 AM – 1:00 AM, Friday: 10:30 AM – 1:30 AM, Saturday: 10:30 AM – 1:30 AM, Sunday: 10:30 AM – 1:00 AM",ChIJve4wOsMt3YAREgJwNvRNmQw,10.4615030288696,Los Angeles County Fire Dept. Station 34,33.83697,-118.072308,1.33034580021804,7075-001-933,"980006"
"34",Long Beach,4041 N Lakewood Blvd,"90808",33.8316622,-118.1431017,In-N-Out Burger,4.7,"Monday: 10:30 AM – 1:00 AM, Tuesday: 10:30 AM – 1:00 AM, Wednesday: 10:30 AM – 1:00 AM, Thursday: 10:30 AM – 1:00 AM, Friday: 10:30 AM – 1:30 AM, Saturday: 10:30 AM – 1:30 AM, Sunday: 10:30 AM – 1:00 AM",ChIJdaVMSrsz3YAR-jGIl9eAWFQ,14.0376796722412,Long Beach Fire Dept. Station 19,33.8227243,-118.1343652,1.28023471743352,7149-018-016,"573601"
"35",Los Angeles,9245 Venice Blvd,"90034",34.0264602,-118.3942849,In-N-Out Burger,4.5,"Monday: 10:30 AM – 1:00 AM, Tuesday: 10:30 AM – 1:00 AM, Wednesday: 10:30 AM – 1:00 AM, Thursday: 10:30 AM – 1:00 AM, Friday: 10:30 AM – 1:30 AM, Saturday: 10:30 AM – 1:30 AM, Sunday: 10:30 AM – 1:00 AM",ChIJwbhVFCq6woARgQ74YpgDdhw,32.9818725585938,Culver City Fire Department Station 1,34.0225706,-118.3950873,0.438780492549552,4313-021-084,"270101"
"36",Monterey Park,5500 Market Pl Dr,"91755",34.0365008,-118.0974343,In-N-Out Burger,4.7,"Monday: 10:30 AM – 1:00 AM, Tuesday: 10:30 AM – 1:00 AM, Wednesday: 10:30 AM – 1:00 AM, Thursday: 10:30 AM – 1:00 AM, Friday: 10:30 AM – 1:30 AM, Saturday: 10:30 AM – 1:30 AM, Sunday: 10:30 AM – 1:00 AM",ChIJQc07F9bRwoARSzkWmu6LJ6I,122.524703979492,Montebello Fire Dept. Station 55,34.0191478,-118.1051864,2.05756895981716,5275-003-039,"482801"
"37",Moorpark,856 New Los Angeles Ave,"93021",34.2802008,-118.8654605,In-N-Out Burger,4.7,"Monday: 10:30 AM – 1:00 AM, Tuesday: 10:30 AM – 1:00 AM, Wednesday: 10:30 AM – 1:00 AM, Thursday: 10:30 AM – 1:00 AM, Friday: 10:30 AM – 1:30 AM, Saturday: 10:30 AM – 1:30 AM, Sunday: 10:30 AM – 1:00 AM",ChIJJ8jdJwIy6IARwNYqa6kiyE4,166.979629516602,Ventura County Fire Station 42,34.2857386,-118.8779926,1.30572593411433,2054-028-033,
"38",Newhall,25220 The Old Rd,"91381",34.3771178,-118.5653501,In-N-Out Burger,4.7,"Monday: 10:30 AM – 1:00 AM, Tuesday: 10:30 AM – 1:00 AM, Wednesday: 10:30 AM – 1:00 AM, Thursday: 10:30 AM – 1:00 AM, Friday: 10:30 AM – 1:30 AM, Saturday: 10:30 AM – 1:30 AM, Sunday: 10:30 AM – 1:00 AM",ChIJhabNFSHJwoARzwCQxNP6Ols,406.967071533203,Los Angeles County Fire Dept. Station 124,34.3875486,-118.582145,1.9289012789855,2826-039-032,"920326"
"39",North Hollywood,5864 Lankershim Blvd,"91601",34.1774723,-118.3819181,In-N-Out Burger,4.6,"Monday: 10:30 AM – 1:00 AM, Tuesday: 10:30 AM – 1:00 AM, Wednesday: 10:30 AM – 1:00 AM, Thursday: 10:30 AM – 1:00 AM, Friday: 10:30 AM – 1:30 AM, Saturday: 10:30 AM – 1:30 AM, Sunday: 10:30 AM – 1:00 AM",ChIJI25WUN2VwoAREUvf8-l0huA,201.462890625,Los Angeles Fire Dept. Station 60,34.1682635810955,-118.37849838955,1.07120381218051,2338-013-037,"124102"
"40",Northridge,9858 Balboa Blvd,"91325",34.2500042,-118.5019746,In-N-Out Burger,4.6,"Monday: 10:30 AM – 1:00 AM, Tuesday: 10:30 AM – 1:00 AM, Wednesday: 10:30 AM – 1:00 AM, Thursday: 10:30 AM – 1:00 AM, Friday: 10:30 AM – 1:30 AM, Saturday: 10:30 AM – 1:30 AM, Sunday: 10:30 AM – 1:00 AM",ChIJl7jGuImawoARzc4lb79jXWg,283.579742431641,Los Angeles Fire Dept. Station 87,34.254638,-118.5018572,0.515368732739412,2686-027-001,"117302"
"41",Northridge,8830 Tampa Ave,"91324",34.2308305,-118.5531238,In-N-Out Burger,4.7,"Monday: 10:30 AM – 1:00 AM, Tuesday: 10:30 AM – 1:00 AM, Wednesday: 10:30 AM – 1:00 AM, Thursday: 10:30 AM – 1:00 AM, Friday: 10:30 AM – 1:30 AM, Saturday: 10:30 AM – 1:30 AM, Sunday: 10:30 AM – 1:00 AM",ChIJ64anfaGbwoARggXg0UQWTEU,247.809158325195,Los Angeles Fire Dept. Station 104,34.2227102549369,-118.571047795784,1.87905610466055,2784-003-073,"115302"
"42",Norwalk,14330 Pioneer Blvd,"90650",33.9012576,-118.0823417,In-N-Out Burger,4.6,"Monday: 10:30 AM – 1:00 AM, Tuesday: 10:30 AM – 1:00 AM, Wednesday: 10:30 AM – 1:00 AM, Thursday: 10:30 AM – 1:00 AM, Friday: 10:30 AM – 1:30 AM, Saturday: 10:30 AM – 1:30 AM, Sunday: 10:30 AM – 1:00 AM",ChIJD3iTq0VN64ARnzTZUdPbTkE,26.8126564025879,Los Angeles County Fire Dept. Station 20,33.9138543084153,-118.074324083717,1.58410851172017,8073-009-028,"552700"
"43",Oxnard,381 W Esplanade Dr,"93036",34.2350342,-119.1796287,In-N-Out Burger,4.6,"Monday: 10:30 AM – 1:00 AM, Tuesday: 10:30 AM – 1:00 AM, Wednesday: 10:30 AM – 1:00 AM, Thursday: 10:30 AM – 1:00 AM, Friday: 10:30 AM – 1:30 AM, Saturday: 10:30 AM – 1:30 AM, Sunday: 10:30 AM – 1:00 AM",ChIJv8zrm1ZM6IARM5a7SipcUOc,22.5903491973877,Oxnard Fire Station 4,34.2257177,-119.1793399,1.03628914468356,4472-016-012,
"44",Palmdale,142 E Palmdale Blvd,"93550",34.5793258,-118.127949,In-N-Out Burger,4.7,"Monday: 10:30 AM – 1:00 AM, Tuesday: 10:30 AM – 1:00 AM, Wednesday: 10:30 AM – 1:00 AM, Thursday: 10:30 AM – 1:00 AM, Friday: 10:30 AM – 1:30 AM, Saturday: 10:30 AM – 1:30 AM, Sunday: 10:30 AM – 1:00 AM",ChIJOzT-4zBYwoARWXJRBapAIv4,820.691101074219,Los Angeles County Fire Dept. Station #37,34.5781094,-118.1139936,1.2847865985056,3009-005-037,"910405"
"45",Panorama City,13651 Roscoe Blvd,"91402",34.221955,-118.4307999,In-N-Out Burger,4.6,"Monday: 10:30 AM – 1:00 AM, Tuesday: 10:30 AM – 1:00 AM, Wednesday: 10:30 AM – 1:00 AM, Thursday: 10:30 AM – 1:00 AM, Friday: 10:30 AM – 1:30 AM, Saturday: 10:30 AM – 1:30 AM, Sunday: 10:30 AM – 1:00 AM",ChIJf0lWStKWwoARyOb8-2PE7gM,245.018356323242,Los Angeles Fire Station 81,34.2131734,-118.4447216,1.60999537160299,2637-018-020,"120400"
"46",Pasadena,2114 E Foothill Blvd,"91107",34.1494623,-118.1067843,In-N-Out Burger,4.6,"Monday: 10:30 AM – 1:00 AM, Tuesday: 10:30 AM – 1:00 AM, Wednesday: 10:30 AM – 1:00 AM, Thursday: 10:30 AM – 1:00 AM, Friday: 10:30 AM – 1:30 AM, Saturday: 10:30 AM – 1:30 AM, Sunday: 10:30 AM – 1:00 AM",ChIJmSJ_IazcwoARE0JCnRD1gOg,239.842575073242,Pasadena Fire Dept. Station 32,34.1542185,-118.1002378,0.801619719697127,5746-012-002,"462800"
"47",Pico Rivera,9070 Whittier Blvd,"90660",34.000531,-118.0830505,In-N-Out Burger,4.7,"Monday: 10:30 AM – 1:00 AM, Tuesday: 10:30 AM – 1:00 AM, Wednesday: 10:30 AM – 1:00 AM, Thursday: 10:30 AM – 1:00 AM, Friday: 10:30 AM – 1:30 AM, Saturday: 10:30 AM – 1:30 AM, Sunday: 10:30 AM – 1:00 AM",ChIJIQiWpcHRwoAR4RZjXxUzkP0,54.3946685791016,Los Angeles County Fire Dept. Station 40,34.0014217,-118.0783564,0.443909843723633,6377-003-026,"500900"
"48",Pomona,2505 Garey Ave,"91766",34.0257827,-117.749484,In-N-Out Burger,4.6,"Monday: 10:30 AM – 1:00 AM, Tuesday: 10:30 AM – 1:00 AM, Wednesday: 10:30 AM – 1:00 AM, Thursday: 10:30 AM – 1:00 AM, Friday: 10:30 AM – 1:30 AM, Saturday: 10:30 AM – 1:30 AM, Sunday: 10:30 AM – 1:00 AM",ChIJ41SjApTRwoARWQ1azFQ4iSo,233.818344116211,Los Angeles County Fire Dept. Station 185,34.0375222,-117.7379066,1.68588282481858,8344-028-021,"403000"
"49",Pomona,1851 Indian Hill Blvd,"91767",34.0778678,-117.7195831,In-N-Out Burger,4.6,"Monday: 10:30 AM – 1:00 AM, Tuesday: 10:30 AM – 1:00 AM, Wednesday: 10:30 AM – 1:00 AM, Thursday: 10:30 AM – 1:00 AM, Friday: 10:30 AM – 1:30 AM, Saturday: 10:30 AM – 1:30 AM, Sunday: 10:30 AM – 1:00 AM",ChIJwWhqH8Be7IAR4d1a45axax8,306.501007080078,Los Angeles County Fire Dept. Station 183,34.0661759594548,-117.736499257552,2.02924678700341,8318-022-022,"402703"
"50",Porter Ranch,19901 Rinaldi St,"91326",34.2758444,-118.568076,In-N-Out Burger,4.6,"Monday: 10:30 AM – 11:00 PM, Tuesday: 10:30 AM – 11:00 PM, Wednesday: 10:30 AM – 11:00 PM, Thursday: 10:30 AM – 11:00 PM, Friday: 10:30 AM – 1:00 AM, Saturday: 10:30 AM – 1:00 AM, Sunday: 10:30 AM – 11:00 PM",ChIJzTuIh62EwoARFaKH3wGhsqg,361.487945556641,La City Fire Station 28,34.2811201,-118.5697103,0.60554572119378,2701-040-014,"108204"
"51",Redondo Beach,3801 Inglewood Ave,"90278",33.8921163,-118.3617549,In-N-Out Burger,4.6,"Monday: 10:30 AM – 1:00 AM, Tuesday: 10:30 AM – 1:00 AM, Wednesday: 10:30 AM – 1:00 AM, Thursday: 10:30 AM – 1:00 AM, Friday: 10:30 AM – 1:30 AM, Saturday: 10:30 AM – 1:30 AM, Sunday: 10:30 AM – 1:00 AM",ChIJIUEq5Ua0woARix-eCroc3Ak,18.3898887634277,Los Angeles County Fire Dept. Station 21,33.8980054,-118.3511325,1.17900925235252,4149-005-039,"620501"
"52",Rosemead,4242 Rosemead Blvd,"91770",34.0839501,-118.0729673,In-N-Out Burger,4.6,"Monday: 10:30 AM – 1:00 AM, Tuesday: 10:30 AM – 1:00 AM, Wednesday: 10:30 AM – 1:00 AM, Thursday: 10:30 AM – 1:00 AM, Friday: 10:30 AM – 1:30 AM, Saturday: 10:30 AM – 1:30 AM, Sunday: 10:30 AM – 1:00 AM",ChIJd1LQlo7awoARI_1xbmwu2Q8,101.369979858398,Los Angeles County Fire Dept. Station 42,34.0813833,-118.0665878,0.653178778162041,5391-016-003,"432202"
"53",San Fernando,11455 Laurel Canyon Blvd,"91340",34.2780075,-118.4530002,In-N-Out Burger,4.6,"Monday: 10:30 AM – 1:00 AM, Tuesday: 10:30 AM – 1:00 AM, Wednesday: 10:30 AM – 1:00 AM, Thursday: 10:30 AM – 1:00 AM, Friday: 10:30 AM – 1:30 AM, Saturday: 10:30 AM – 1:30 AM, Sunday: 10:30 AM – 1:00 AM",ChIJ72X5gIO8woARJxRD3YiE0uM,310.892913818359,Los Angeles Fire Dept. Station 75,34.2725201,-118.4667332,1.40164042685948,2613-027-020,"109500"
"54",San Pedro,1090 N Western Ave,"90732",33.7533976,-118.3086819,In-N-Out Burger,4.6,"Monday: 10:30 AM – 1:00 AM, Tuesday: 10:30 AM – 1:00 AM, Wednesday: 10:30 AM – 1:00 AM, Thursday: 10:30 AM – 1:00 AM, Friday: 10:30 AM – 1:30 AM, Saturday: 10:30 AM – 1:30 AM, Sunday: 10:30 AM – 1:00 AM",ChIJG_xyqI66woARA1e62mBqpQE,90.0022354125977,Los Angeles City Fire Dept Station 36,33.7531421,-118.2933241,1.42014052947649,7557-030-013,"296300"
"55",Santa Clarita,28368 Sand Canyon Rd,"91387",34.4236905,-118.4231787,In-N-Out Burger,4.7,"Monday: 10:30 AM – 1:00 AM, Tuesday: 10:30 AM – 1:00 AM, Wednesday: 10:30 AM – 1:00 AM, Thursday: 10:30 AM – 1:00 AM, Friday: 10:30 AM – 1:30 AM, Saturday: 10:30 AM – 1:30 AM, Sunday: 10:30 AM – 1:00 AM",ChIJw824OvwcTIYRuWhpPLzTRps,475.595733642578,Los Angeles County Fire Dept. Station 132,34.4394977891551,-118.417616526211,1.83022271943865,2840-008-031,"910809"
"56",Santa Clarita,26401 Bouquet Canyon Rd,"91350",34.4254603,-118.5392378,In-N-Out Burger,4.7,"Monday: 10:30 AM – 1:00 AM, Tuesday: 10:30 AM – 1:00 AM, Wednesday: 10:30 AM – 1:00 AM, Thursday: 10:30 AM – 1:00 AM, Friday: 10:30 AM – 1:30 AM, Saturday: 10:30 AM – 1:30 AM, Sunday: 10:30 AM – 1:00 AM",ChIJNY0rgHOHwoARDHBY_HsFI28,356.692535400391,Los Angeles County Fire Dept. Station 111,34.4341913,-118.5319858,1.1768294609478,2811-068-028,"920115"
"57",Santa Fe Springs,10525 Carmenita Rd,"90670",33.9395371,-118.0468306,In-N-Out Burger,4.7,"Monday: 10:30 AM – 1:00 AM, Tuesday: 10:30 AM – 1:00 AM, Wednesday: 10:30 AM – 1:00 AM, Thursday: 10:30 AM – 1:00 AM, Friday: 10:30 AM – 1:30 AM, Saturday: 10:30 AM – 1:30 AM, Sunday: 10:30 AM – 1:00 AM",ChIJ_Uh4zBPTwoARv7HjxH0Uff8,48.8744316101074,Los Angeles County Fire Dept. Station 96,33.937026,-118.0399879,0.690248826211691,8011-013-050,"504200"
"58",Sherman Oaks,4444 Van Nuys Blvd,"91403",34.1521118,-118.4483226,In-N-Out Burger,4.6,"Monday: 10:30 AM – 1:00 AM, Tuesday: 10:30 AM – 1:00 AM, Wednesday: 10:30 AM – 1:00 AM, Thursday: 10:30 AM – 1:00 AM, Friday: 10:30 AM – 1:30 AM, Saturday: 10:30 AM – 1:30 AM, Sunday: 10:30 AM – 1:00 AM",ChIJKwCdWzInTIYRA1pZzW_ykaI,201.677398681641,Los Angeles Fire Dept. Station 88,34.1629735,-118.4665897,2.06974942650252,2265-014-014,"141201"
"59",Signal Hill,799 E Spring St,"90755",33.8120577,-118.1832562,In-N-Out Burger,4.7,"Monday: 10:30 AM – 1:00 AM, Tuesday: 10:30 AM – 1:00 AM, Wednesday: 10:30 AM – 1:00 AM, Thursday: 10:30 AM – 1:00 AM, Friday: 10:30 AM – 1:30 AM, Saturday: 10:30 AM – 1:30 AM, Sunday: 10:30 AM – 1:00 AM",ChIJH30KBuoz3YAR5VOzz5LwgOM,34.985668182373,Long Beach Fire Dept. Station 7,33.7986885,-118.1885423,1.56476650455604,7207-024-034,"573401"
"60",Simi Valley,2600 Stearns St,"93063",34.2830572,-118.6908939,In-N-Out Burger,4.7,"Monday: 10:30 AM – 1:00 AM, Tuesday: 10:30 AM – 1:00 AM, Wednesday: 10:30 AM – 1:00 AM, Thursday: 10:30 AM – 1:00 AM, Friday: 10:30 AM – 1:30 AM, Saturday: 10:30 AM – 1:30 AM, Sunday: 10:30 AM – 1:00 AM",ChIJO45wW8sp6IARblVjjZ1HIPo,314.669281005859,Ventura County Fire Department: Station 43 Yosemite,34.2716006566616,-118.676742146126,1.82034038592116,2007-015-042,
"61",South Gate,4601 Firestone Blvd,"90280",33.9527834,-118.1883747,In-N-Out Burger,4.7,"Monday: 10:30 AM – 1:00 AM, Tuesday: 10:30 AM – 1:00 AM, Wednesday: 10:30 AM – 1:00 AM, Thursday: 10:30 AM – 1:00 AM, Friday: 10:30 AM – 1:30 AM, Saturday: 10:30 AM – 1:30 AM, Sunday: 10:30 AM – 1:00 AM",ChIJjxoi9xvMwoAReB8JXPKsAk0,34.4703521728516,Los Angeles County Fire Dept. Station 54,33.9485101,-118.1839152,0.628478167656656,6216-008-033,"536000"
"62",Studio City,3640 Cahuenga Blvd,"90068",34.1350792,-118.3605992,In-N-Out Burger,4.6,"Monday: 10:30 AM – 1:00 AM, Tuesday: 10:30 AM – 1:00 AM, Wednesday: 10:30 AM – 1:00 AM, Thursday: 10:30 AM – 1:00 AM, Friday: 10:30 AM – 1:30 AM, Saturday: 10:30 AM – 1:30 AM, Sunday: 10:30 AM – 1:00 AM",ChIJA3-xX2xow4ARnvqTG2afc78,186.507461547852,Los Angeles County Fire Dept. Station 51,34.1395946,-118.3565484,0.625370072312436,2425-001-054,"143700"
"63",Temple City,10601 Lower Azusa Rd,"91780",34.0924921,-118.0384377,In-N-Out Burger,4.6,"Monday: 10:30 AM – 1:00 AM, Tuesday: 10:30 AM – 1:00 AM, Wednesday: 10:30 AM – 1:00 AM, Thursday: 10:30 AM – 1:00 AM, Friday: 10:30 AM – 1:30 AM, Saturday: 10:30 AM – 1:30 AM, Sunday: 10:30 AM – 1:00 AM",ChIJr11dmhPawoARGTIGqrQ7xNs,93.8869552612305,Los Angeles County Fire Dept. Station 166,34.0751636,-118.0417858,1.95135869303582,8585-026-039,"432101"
"64",Thousand Oaks,1550 Newbury Rd,"91320",34.1836772,-118.914492,In-N-Out Burger,4.7,"Monday: 10:30 AM – 1:00 AM, Tuesday: 10:30 AM – 1:00 AM, Wednesday: 10:30 AM – 1:00 AM, Thursday: 10:30 AM – 1:00 AM, Friday: 10:30 AM – 1:30 AM, Saturday: 10:30 AM – 1:30 AM, Sunday: 10:30 AM – 1:00 AM",ChIJUYK5j3g66IARypynMOLh86E,194.015258789062,Ventura County Fire Station 35,34.1886821,-118.9272326,1.29733921131271,4472-001-017,
"65",Torrance,24445 Crenshaw Blvd,"90505",33.8028688,-118.3284331,In-N-Out Burger,4.7,"Monday: 10:30 AM – 1:00 AM, Tuesday: 10:30 AM – 1:00 AM, Wednesday: 10:30 AM – 1:00 AM, Thursday: 10:30 AM – 1:00 AM, Friday: 10:30 AM – 1:30 AM, Saturday: 10:30 AM – 1:30 AM, Sunday: 10:30 AM – 1:00 AM",ChIJBROR1vVK3YARqhLiLMScBQk,24.3381195068359,Torrance Fire Dept. Station 2,33.7965785,-118.3378789,1.11849200510373,7377-012-010,"651101"
"66",Torrance,730 W Carson St,"90502",33.8311475,-118.2884053,In-N-Out Burger,4.5,"Monday: 10:30 AM – 1:00 AM, Tuesday: 10:30 AM – 1:00 AM, Wednesday: 10:30 AM – 1:00 AM, Thursday: 10:30 AM – 1:00 AM, Friday: 10:30 AM – 1:30 AM, Saturday: 10:30 AM – 1:30 AM, Sunday: 10:30 AM – 1:00 AM",ChIJ9acaVF013YARO8jLjkmOUnw,13.1254291534424,Los Angeles County Fire Dept. Station 36,33.8246937,-118.2771334,1.26455126240863,7344-002-010,"543503"
"67",Torrance,20150 Hawthorne Blvd,"90503",33.8488222,-118.3531803,In-N-Out Burger,4.6,"Monday: 10:30 AM – 1:00 AM, Tuesday: 10:30 AM – 1:00 AM, Wednesday: 10:30 AM – 1:00 AM, Thursday: 10:30 AM – 1:00 AM, Friday: 10:30 AM – 1:30 AM, Saturday: 10:30 AM – 1:30 AM, Sunday: 10:30 AM – 1:00 AM",ChIJA7YvyNu0woARClTuaJOw6_s,30.9009456634521,Torrance Fire Dept. Station 5,33.8482877,-118.3555787,0.229325204953595,7352-001-021,"650401"
"68",Tujunga,6225 Foothill Blvd,"91042",34.2410526,-118.2667092,In-N-Out Burger,4.6,"Monday: 10:30 AM – 1:00 AM, Tuesday: 10:30 AM – 1:00 AM, Wednesday: 10:30 AM – 1:00 AM, Thursday: 10:30 AM – 1:00 AM, Friday: 10:30 AM – 1:30 AM, Saturday: 10:30 AM – 1:30 AM, Sunday: 10:30 AM – 1:00 AM",ChIJa0KjiBHrwoARuGnd_VEuvrg,561.212829589844,Glendale Fire Station 28,34.2300897,-118.2527152,1.77227452655915,2571-006-025,"101300"
"69",Van Nuys,7220 Balboa Blvd,"91406",34.2018619,-118.5007622,In-N-Out Burger,4.6,"Monday: 10:30 AM – 1:00 AM, Tuesday: 10:30 AM – 1:00 AM, Wednesday: 10:30 AM – 1:00 AM, Thursday: 10:30 AM – 1:00 AM, Friday: 10:30 AM – 1:30 AM, Saturday: 10:30 AM – 1:30 AM, Sunday: 10:30 AM – 1:00 AM",ChIJx5m6Nlew3IARiAs-er3p6lk,231.430862426758,LAFD Fire Station No. 100,34.193096,-118.5100848,1.29816151704182,2226-031-002,"132102"
"70",Van Nuys,7930 Van Nuys Blvd,"91402",34.2150465,-118.4483102,In-N-Out Burger,4.6,"Monday: 10:30 AM – 1:00 AM, Tuesday: 10:30 AM – 1:00 AM, Wednesday: 10:30 AM – 1:00 AM, Thursday: 10:30 AM – 1:00 AM, Friday: 10:30 AM – 1:30 AM, Saturday: 10:30 AM – 1:30 AM, Sunday: 10:30 AM – 1:00 AM",ChIJWRIFiy6XwoARYuWRlr2PwLo,238.953659057617,Los Angeles Fire Station 81,34.2131734,-118.4447216,0.390213034032624,2212-028-021,"120300"
"71",Ventura,2070 E Harbor Blvd,"93001",34.2684093,-119.2728124,In-N-Out Burger,4.6,"Monday: 10:30 AM – 1:00 AM, Tuesday: 10:30 AM – 1:00 AM, Wednesday: 10:30 AM – 1:00 AM, Thursday: 10:30 AM – 1:00 AM, Friday: 10:30 AM – 1:30 AM, Saturday: 10:30 AM – 1:30 AM, Sunday: 10:30 AM – 1:00 AM",ChIJZ6xrwO5w3IARy1aJxHUwwCc,4.10264825820923,Ventura Fire Station 2,34.2760528,-119.265726,1.07068680390182,4472-016-012,
"72",West Covina,2940 E Garvey Ave N,"91791",34.0714295,-117.8819188,In-N-Out Burger,4.7,"Monday: 10:30 AM – 1:00 AM, Tuesday: 10:30 AM – 1:00 AM, Wednesday: 10:30 AM – 1:00 AM, Thursday: 10:30 AM – 1:00 AM, Friday: 10:30 AM – 1:30 AM, Saturday: 10:30 AM – 1:30 AM, Sunday: 10:30 AM – 1:00 AM",ChIJ01MnxKspw4ARhxjy_TtMxok,153.035537719727,West Covina Fire Dept. Station No.2,34.0648977,-117.8931029,1.26046909487461,8480-001-028,"406300"
"73",West Covina,15610 E San Bernardino Rd,"91722",34.0897655,-117.9409869,In-N-Out Burger,4.6,"Monday: 10:30 AM – 1:00 AM, Tuesday: 10:30 AM – 1:00 AM, Wednesday: 10:30 AM – 1:00 AM, Thursday: 10:30 AM – 1:00 AM, Friday: 10:30 AM – 1:30 AM, Saturday: 10:30 AM – 1:30 AM, Sunday: 10:30 AM – 1:00 AM",ChIJeyBJXe7XwoARkmRhIpn-bXo,125.304908752441,West Covina Fire Dept. Station No.3,34.0831024,-117.9361658,0.863745788314814,8435-016-009,"405400"
"74",Westchester,9149 S Sepulveda Blvd,"90045",33.9537068,-118.3967825,In-N-Out Burger,4.6,"Monday: 10:30 AM – 1:00 AM, Tuesday: 10:30 AM – 1:00 AM, Wednesday: 10:30 AM – 1:00 AM, Thursday: 10:30 AM – 1:00 AM, Friday: 10:30 AM – 1:30 AM, Saturday: 10:30 AM – 1:30 AM, Sunday: 10:30 AM – 1:00 AM",ChIJ5xHkkNOwwoARfN2_9LZe2qc,33.1993141174316,Los Angeles Fire Dept. Station 5,33.9557077,-118.4040478,0.706078211790924,4122-024-048,"278001"
"75",Westlake Village,30780 Russell Ranch Rd,"91362",34.147567,-118.7975419,In-N-Out Burger,4.7,"Monday: 10:30 AM – 12:00 AM, Tuesday: 10:30 AM – 12:00 AM, Wednesday: 10:30 AM – 12:00 AM, Thursday: 10:30 AM – 12:00 AM, Friday: 10:30 AM – 12:30 AM, Saturday: 10:30 AM – 12:30 AM, Sunday: 10:30 AM – 12:00 AM",ChIJByzPq24k6IAR-GAGSDCFxrw,299.128051757812,Los Angeles County Fire Dept. Station 144,34.1389995,-118.8192405,2.21250757980151,2054-030-117,"800324"
"76",Westwood,922 Gayley Ave,"90024",34.0630706,-118.448026,In-N-Out Burger,4.5,"Monday: 10:30 AM – 1:00 AM, Tuesday: 10:30 AM – 1:00 AM, Wednesday: 10:30 AM – 1:00 AM, Thursday: 10:30 AM – 1:00 AM, Friday: 10:30 AM – 1:30 AM, Saturday: 10:30 AM – 1:30 AM, Sunday: 10:30 AM – 1:00 AM",ChIJKZm9foS8woAR4oa_Lf37xIQ,102.528480529785,Los Angeles Fire Dept. Station 37,34.0597159,-118.4490069,0.383814022406988,4363-017-006,"265204"
"77",Woodland Hills,19920 Ventura Blvd,"91364",34.1719563,-118.5666003,In-N-Out Burger,4.6,"Monday: 10:30 AM – 1:00 AM, Tuesday: 10:30 AM – 1:00 AM, Wednesday: 10:30 AM – 1:00 AM, Thursday: 10:30 AM – 1:00 AM, Friday: 10:30 AM – 1:30 AM, Saturday: 10:30 AM – 1:30 AM, Sunday: 10:30 AM – 1:00 AM",ChIJs85MureewoARtoHg_4bLlnw,257.671203613281,Los Angeles Fire Dept. Station 93,34.1728693,-118.5492775,1.59688244824946,2164-001-037,"137501"
