Unnamed: 0,city,street_address,zip,lat,lon,name,rating,hours,place_id,elevation,closest_station_name,closest_station_lat,closest_station_lon,closest_station_dist
0,Alhambra,1210 N Atlantic Blvd,91801,34.1059937,-118.1343897,In-N-Out Burger,4.6,"Monday: 10:30 AM – 1:00 AM, Tuesday: 10:30 AM – 1:00 AM, Wednesday: 10:30 AM – 1:00 AM, Thursday: 10:30 AM – 1:00 AM, Friday: 10:30 AM – 1:30 AM, Saturday: 10:30 AM – 1:30 AM, Sunday: 10:30 AM – 1:00 AM",ChIJ48hKusLEwoARrSF8DOjZKgY,171.8063812255859,Alhambra Fire Department Fire Station 71,34.0972169,-118.1300714,1.0538230092685312
1,Arcadia,420 N Santa Anita Ave,91006,34.1453078,-118.03124,In-N-Out Burger,4.6,"Monday: 10:30 AM – 1:00 AM, Tuesday: 10:30 AM – 1:00 AM, Wednesday: 10:30 AM – 1:00 AM, Thursday: 10:30 AM – 1:00 AM, Friday: 10:30 AM – 1:30 AM, Saturday: 10:30 AM – 1:30 AM, Sunday: 10:30 AM – 1:00 AM",ChIJq5HEVIOMUocR1aaT_hDXIiQ,155.3397979736328,Arcadia Fire Dept. Station 107,34.157589,-118.0348496,1.4054236816911778
2,Azusa,324 S Azusa Ave,91702,34.1176435,-117.9073473,In-N-Out Burger,4.6,"Monday: 10:30 AM – 1:00 AM, Tuesday: 10:30 AM – 1:00 AM, Wednesday: 10:30 AM – 1:00 AM, Thursday: 10:30 AM – 1:00 AM, Friday: 10:30 AM – 1:30 AM, Saturday: 10:30 AM – 1:30 AM, Sunday: 10:30 AM – 1:00 AM",ChIJn_xtKuQnw4AR1IUB21Ymr6I,160.4187469482422,Bradbury Fire Department,34.1319439,-117.9103911,1.6146290880890062
3,Azusa,988 E Alosta Ave,91702,34.12835,-117.886278,In-N-Out Burger,4.7,"Monday: 10:30 AM – 1:00 AM, Tuesday: 10:30 AM – 1:00 AM, Wednesday: 10:30 AM – 1:00 AM, Thursday: 10:30 AM – 1:00 AM, Friday: 10:30 AM – 1:30 AM, Saturday: 10:30 AM – 1:30 AM, Sunday: 10:30 AM – 1:00 AM",ChIJSSkBJKgnw4ARVYWuSipUxk0,192.8702087402344,Los Angeles County Fire Dept. Station 151,34.1378016,-117.8677589,2.0024656962756904
4,Baldwin Park,13850 Francisquito Ave,91706,34.0676782,-117.9734536,In-N-Out Burger,4.7,"Monday: 10:30 AM – 1:00 AM, Tuesday: 10:30 AM – 1:00 AM, Wednesday: 10:30 AM – 1:00 AM, Thursday: 10:30 AM – 1:00 AM, Friday: 10:30 AM – 1:30 AM, Saturday: 10:30 AM – 1:30 AM, Sunday: 10:30 AM – 1:00 AM",ChIJ3_hJn__AwoARsO1trxoBg5I,102.0323638916016,Industry Fire Department,34.0541034,-117.9893301,2.101765325550409
5,Bellflower,17325 Bellflower Blvd,90706,33.8750268,-118.1253889,In-N-Out Burger,4.6,"Monday: 10:30 AM – 1:00 AM, Tuesday: 10:30 AM – 1:00 AM, Wednesday: 10:30 AM – 1:00 AM, Thursday: 10:30 AM – 1:00 AM, Friday: 10:30 AM – 1:30 AM, Saturday: 10:30 AM – 1:30 AM, Sunday: 10:30 AM – 1:00 AM",ChIJT4vKfmgz3YAR8ZnNlaVTUQU,19.36841201782227,Los Angeles County Fire Dept. Station 23,33.8817798,-118.1301286,0.8690823971936906
6,Burbank,761 N 1st St,91502,34.184954,-118.316081,In-N-Out Burger,4.6,"Monday: 10:30 AM – 1:00 AM, Tuesday: 10:30 AM – 1:00 AM, Wednesday: 10:30 AM – 1:00 AM, Thursday: 10:30 AM – 1:00 AM, Friday: 10:30 AM – 1:30 AM, Saturday: 10:30 AM – 1:30 AM, Sunday: 10:30 AM – 1:00 AM",ChIJFZo6iUSVwoARNU6w60iDGqY,183.4070587158203,Burbank Fire Department HQ,34.1835268,-118.3090379,0.6670098778378953
7,Camarillo,1316 Ventura Blvd,93010,34.2172777,-119.0530387,In-N-Out Burger,4.6,"Monday: 10:30 AM – 1:00 AM, Tuesday: 10:30 AM – 1:00 AM, Wednesday: 10:30 AM – 1:00 AM, Thursday: 10:30 AM – 1:00 AM, Friday: 10:30 AM – 1:30 AM, Saturday: 10:30 AM – 1:30 AM, Sunday: 10:30 AM – 1:00 AM",ChIJ_f1wYeRJ6IAR4DQaps275_I,38.43547821044922,Ventura County Fire Station 54,34.221818,-119.0407839,1.2347122674076634
8,Canoga Park,6841 Topanga Canyon Blvd,91303,34.1949248,-118.6063827,In-N-Out Burger,4.6,"Monday: 10:30 AM – 1:00 AM, Tuesday: 10:30 AM – 1:00 AM, Wednesday: 10:30 AM – 1:00 AM, Thursday: 10:30 AM – 1:00 AM, Friday: 10:30 AM – 1:30 AM, Saturday: 10:30 AM – 1:30 AM, Sunday: 10:30 AM – 1:00 AM",ChIJDWLiTDycwoARzueB5sxtmS8,243.597900390625,Los Angeles Fire Dept. Station 72,34.194896400648524, -118.58887098959562,1.6106048716008972
9,Cerritos,10900 Alondra Blvd,90703,33.8870852,-118.1016148,In-N-Out Burger,4.6,"Monday: 10:30 AM – 1:00 AM, Tuesday: 10:30 AM – 1:00 AM, Wednesday: 10:30 AM – 1:00 AM, Thursday: 10:30 AM – 1:00 AM, Friday: 10:30 AM – 1:30 AM, Saturday: 10:30 AM – 1:30 AM, Sunday: 10:30 AM – 1:00 AM",ChIJja9CmFot3YARks5NaaQebhY,22.20962905883789,Los Angeles County Fire Dept. Station 115,33.8878001,-118.0921479,0.8774681642235524
10,Compton,2200 S Central Ave,90220,33.8723526,-118.2480468,In-N-Out Burger,4.6,"Monday: 10:30 AM – 1:00 AM, Tuesday: 10:30 AM – 1:00 AM, Wednesday: 10:30 AM – 1:00 AM, Thursday: 10:30 AM – 1:00 AM, Friday: 10:30 AM – 1:30 AM, Saturday: 10:30 AM – 1:30 AM, Sunday: 10:30 AM – 1:00 AM",ChIJ8eTjV6_LwoARtAf5YOgQ9Uo,41.23900985717773,Compton Fire Dept. Station 4,33.8757358,-118.2397825,0.8506752091462954
11,Covina,1371 Grand Ave,91722,34.1049029,-117.8730604,In-N-Out Burger,4.7,"Monday: 10:30 AM – 1:00 AM, Tuesday: 10:30 AM – 1:00 AM, Wednesday: 10:30 AM – 1:00 AM, Thursday: 10:30 AM – 1:00 AM, Friday: 10:30 AM – 1:30 AM, Saturday: 10:30 AM – 1:30 AM, Sunday: 10:30 AM – 1:00 AM",ChIJnxDhiQnXwoARYhAnSuBsJcU,197.8641815185547,Los Angeles County Fire Dept. Station 153,34.0961106,-117.8576181,1.7255453801676504
12,Culver City,13425 Washington Blvd,90292,33.9916475,-118.4462335,In-N-Out Burger,4.5,"Monday: 10:30 AM – 1:00 AM, Tuesday: 10:30 AM – 1:00 AM, Wednesday: 10:30 AM – 1:00 AM, Thursday: 10:30 AM – 1:00 AM, Friday: 10:30 AM – 1:30 AM, Saturday: 10:30 AM – 1:30 AM, Sunday: 10:30 AM – 1:00 AM",ChIJ3zcEqI66woAR1Ej8yoqARk8,7.543384552001953,Los Angeles County Fire Dept. Station #110,33.9839714,-118.448567,0.880241665823329
13,Diamond Bar,21133 Golden Springs Dr,91789,34.0004987,-117.8434861,In-N-Out Burger,4.6,"Monday: 10:30 AM – 1:00 AM, Tuesday: 10:30 AM – 1:00 AM, Wednesday: 10:30 AM – 1:00 AM, Thursday: 10:30 AM – 1:00 AM, Friday: 10:30 AM – 1:30 AM, Saturday: 10:30 AM – 1:30 AM, Sunday: 10:30 AM – 1:00 AM",ChIJPS4ihHcrw4AR0CFX7IOz_Q8,179.0069732666016,Los Angeles County Fire Dept. Station 120,34.0019409,-117.8141655,2.707630914950591
14,Downey,8767 Firestone Blvd,90241,33.9360724,-118.1242232,In-N-Out Burger,4.7,"Monday: 10:30 AM – 1:00 AM, Tuesday: 10:30 AM – 1:00 AM, Wednesday: 10:30 AM – 1:00 AM, Thursday: 10:30 AM – 1:00 AM, Friday: 10:30 AM – 1:30 AM, Saturday: 10:30 AM – 1:30 AM, Sunday: 10:30 AM – 1:00 AM",ChIJc6ml1ZzNwoAR8De2jv6hql0,34.49874114990234,Downey Fire Dept. Station #4,33.943604,-118.108721,1.657255734421359
15,El Segundo,600 N Sepulveda Blvd,90266,33.9239,-118.39539,In-N-Out Burger,4.5,"Monday: 10:30 AM – 1:00 AM, Tuesday: 10:30 AM – 1:00 AM, Wednesday: 10:30 AM – 1:00 AM, Thursday: 10:30 AM – 1:00 AM, Friday: 10:30 AM – 1:30 AM, Saturday: 10:30 AM – 1:30 AM, Sunday: 10:30 AM – 1:00 AM",,37.1402702331543,El Segundo Fire Station #2,33.9238589,-118.3850482,0.9542222186780139
16,Gardena,1701 Artesia Blvd,90248,33.8731232,-118.3073577,In-N-Out Burger,4.6,"Monday: 10:30 AM – 1:00 AM, Tuesday: 10:30 AM – 1:00 AM, Wednesday: 10:30 AM – 1:00 AM, Thursday: 10:30 AM – 1:00 AM, Friday: 10:30 AM – 1:30 AM, Saturday: 10:30 AM – 1:30 AM, Sunday: 10:30 AM – 1:00 AM",ChIJ2_4hJWS1woAR89g78FFZh38,10.44094562530518,Los Angeles County Fire Dept. Station 158,33.8835008,-118.3060791,1.1599593101168901
17,Glendale,310 Harvey Dr,91206,34.1486551,-118.2273294,In-N-Out Burger,4.6,"Monday: 10:30 AM – 1:00 AM, Tuesday: 10:30 AM – 1:00 AM, Wednesday: 10:30 AM – 1:00 AM, Thursday: 10:30 AM – 1:00 AM, Friday: 10:30 AM – 1:30 AM, Saturday: 10:30 AM – 1:30 AM, Sunday: 10:30 AM – 1:00 AM",ChIJ-TTKY3PBwoARUi52zuHAUNM,210.2628631591797,Glendale Fire Station 25,34.1513698,-118.2372082,0.957872149167701
18,Glendale,119 S Brand Blvd,91210,34.1455831,-118.2552662,In-N-Out Burger,4.6,"Monday: 10:30 AM – 1:00 AM, Tuesday: 10:30 AM – 1:00 AM, Wednesday: 10:30 AM – 1:00 AM, Thursday: 10:30 AM – 1:00 AM, Friday: 10:30 AM – 1:30 AM, Saturday: 10:30 AM – 1:30 AM, Sunday: 10:30 AM – 1:00 AM",ChIJX16Kof_AwoAR6pUSP5qWddA,162.9302978515625,Glendale Fire Station 21,34.1436674,-118.2610753,0.5754744510696157
19,Glendora,1261 S Lone Hill Ave,91740,34.1167671,-117.8294641,In-N-Out Burger,4.7,"Monday: 10:30 AM – 1:00 AM, Tuesday: 10:30 AM – 1:00 AM, Wednesday: 10:30 AM – 1:00 AM, Thursday: 10:30 AM – 1:00 AM, Friday: 10:30 AM – 1:30 AM, Saturday: 10:30 AM – 1:30 AM, Sunday: 10:30 AM – 1:00 AM",ChIJwRm8fFMvw4AR5__hsWgIvGc,267.6138305664062,Los Angeles County Fire Dept. Station 86,34.1282215,-117.8201282,1.5364852605809733
20,Hacienda Heights,14620 Gale Ave,91745,34.0194329,-117.9872484,In-N-Out Burger,4.6,"Monday: 10:30 AM – 1:00 AM, Tuesday: 10:30 AM – 1:00 AM, Wednesday: 10:30 AM – 1:00 AM, Thursday: 10:30 AM – 1:00 AM, Friday: 10:30 AM – 1:30 AM, Saturday: 10:30 AM – 1:30 AM, Sunday: 10:30 AM – 1:00 AM",ChIJPa_okJDWwoAR0I7WROPDnrM,110.476432800293,Los Angeles County Fire Dept. Station 91,33.9965396,-117.9884997,2.5482339749509917
21,Hollywood,7009 Sunset Blvd,90028,34.0982287,-118.3416747,In-N-Out Burger,4.5,"Monday: 10:30 AM – 1:00 AM, Tuesday: 10:30 AM – 1:00 AM, Wednesday: 10:30 AM – 1:00 AM, Thursday: 10:30 AM – 1:00 AM, Friday: 10:30 AM – 1:30 AM, Saturday: 10:30 AM – 1:30 AM, Sunday: 10:30 AM – 1:00 AM",ChIJDaqRkya_woARN85cYzM3cbA,105.6077728271484,Los Angeles Fire Department Station 41,34.097288,-118.3531375,1.060649911366067
22,Huntington Park,6000 Pacific Blvd,90255,33.987022,-118.2248164,In-N-Out Burger,4.6,"Monday: 10:30 AM – 1:00 AM, Tuesday: 10:30 AM – 1:00 AM, Wednesday: 10:30 AM – 1:00 AM, Thursday: 10:30 AM – 1:00 AM, Friday: 10:30 AM – 1:30 AM, Saturday: 10:30 AM – 1:30 AM, Sunday: 10:30 AM – 1:00 AM",ChIJp3LZFiHJwoAR20ih6mmhqp0,52.71546936035156,Los Angeles County Fire Dept. Station 164,33.98329590000001,-118.2304771,0.6663836467438469
23,Industry,17849 Colima Rd,91748,33.9903118,-117.9154051,In-N-Out Burger,4.7,"Monday: 10:30 AM – 1:00 AM, Tuesday: 10:30 AM – 1:00 AM, Wednesday: 10:30 AM – 1:00 AM, Thursday: 10:30 AM – 1:00 AM, Friday: 10:30 AM – 1:30 AM, Saturday: 10:30 AM – 1:30 AM, Sunday: 10:30 AM – 1:00 AM",ChIJbzNAfXsqw4AROkEFYd16l0I,136.4437866210938,Los Angeles County Fire Dept. Station 118,34.0002482,-117.9354744,2.1549842653496136
24,Industry,21620 Valley Blvd,91789,34.027487,-117.8346687,In-N-Out Burger,4.7,"Monday: 10:30 AM – 1:00 AM, Tuesday: 10:30 AM – 1:00 AM, Wednesday: 10:30 AM – 1:00 AM, Thursday: 10:30 AM – 1:00 AM, Friday: 10:30 AM – 1:30 AM, Saturday: 10:30 AM – 1:30 AM, Sunday: 10:30 AM – 1:00 AM",ChIJiwk1-vQrw4ARVR5LwUN-UjQ,184.7025451660156,Los Angeles County Fire Station 146,34.0450905,-117.8528439,2.5761082738354095
25,Inglewood,3411 W Century Blvd,90303,33.9457913,-118.3323452,In-N-Out Burger,4.6,"Monday: 10:30 AM – 1:00 AM, Tuesday: 10:30 AM – 1:00 AM, Wednesday: 10:30 AM – 1:00 AM, Thursday: 10:30 AM – 1:00 AM, Friday: 10:30 AM – 1:30 AM, Saturday: 10:30 AM – 1:30 AM, Sunday: 10:30 AM – 1:00 AM",ChIJNZfs_EK2woARFSCfjQganDg,41.61074066162109,Los Angeles County Fire Dept. Station 170,33.9384212,-118.3268838,0.9619912148158891
26,La Mirada,14341 Firestone Blvd,90638,33.8826416,-118.0246209,In-N-Out Burger,4.7,"Monday: 10:30 AM – 1:00 AM, Tuesday: 10:30 AM – 1:00 AM, Wednesday: 10:30 AM – 1:00 AM, Thursday: 10:30 AM – 1:00 AM, Friday: 10:30 AM – 1:30 AM, Saturday: 10:30 AM – 1:30 AM, Sunday: 10:30 AM – 1:00 AM",ChIJHc5dc4Qs3YARtQICsOW_Leo,20.46807479858398,Los Angeles County Fire Dept. Station 35,33.8736066,-118.0394337,1.6968494257016296
27,La Puente,15259 E Amar Rd,91792,34.03755,-117.95167,In-N-Out Burger,4.6,"Monday: 10:30 AM – 1:00 AM, Tuesday: 10:30 AM – 1:00 AM, Wednesday: 10:30 AM – 1:00 AM, Thursday: 10:30 AM – 1:00 AM, Friday: 10:30 AM – 1:30 AM, Saturday: 10:30 AM – 1:30 AM, Sunday: 10:30 AM – 1:00 AM",,99.82472229003906,Los Angeles County Fire Dept. Station 26,34.0363208,-117.9513042,0.1407758018114495
28,La Verne,2098 Foothill Blvd,91750,34.1131477,-117.7655802,In-N-Out Burger,4.7,"Monday: 10:30 AM – 1:00 AM, Tuesday: 10:30 AM – 1:00 AM, Wednesday: 10:30 AM – 1:00 AM, Thursday: 10:30 AM – 1:00 AM, Friday: 10:30 AM – 1:30 AM, Saturday: 10:30 AM – 1:30 AM, Sunday: 10:30 AM – 1:00 AM",ChIJZXiNRrcvw4ARe-a1qJ0qzRI,338.8296813964844,City of La Verne Fire Station 61,34.1010627,-117.7711061,1.4368773459700652
29,Lakewood,5820 Bellflower Blvd,90713,33.8610482,-118.1246689,In-N-Out Burger,4.6,"Monday: 10:30 AM – 1:00 AM, Tuesday: 10:30 AM – 1:00 AM, Wednesday: 10:30 AM – 1:00 AM, Thursday: 10:30 AM – 1:00 AM, Friday: 10:30 AM – 1:30 AM, Saturday: 10:30 AM – 1:30 AM, Sunday: 10:30 AM – 1:00 AM",ChIJnbQ2-48y3YARgirIVsmPfVQ,17.55470085144043,Los Angeles County Fire Dept. Station 45,33.8535291,-118.1441977,1.987676524175697
30,Lancaster,2021 W Ave I,93536,34.70447010000001,-118.1669994,In-N-Out Burger,4.7,"Monday: 10:30 AM – 1:00 AM, Tuesday: 10:30 AM – 1:00 AM, Wednesday: 10:30 AM – 1:00 AM, Thursday: 10:30 AM – 1:00 AM, Friday: 10:30 AM – 1:30 AM, Saturday: 10:30 AM – 1:30 AM, Sunday: 10:30 AM – 1:00 AM",ChIJQdZt3NNEwoARcAF_WauxvUc,709.256591796875,Los Angeles County Fire Dept. Station 33,34.6993703,-118.141368,2.410770242419413
31,Long Beach,6391 Pacific Coast Hwy,90803,33.7584358,-118.1110948,In-N-Out Burger,4.6,"Monday: 10:30 AM – 1:00 AM, Tuesday: 10:30 AM – 1:00 AM, Wednesday: 10:30 AM – 1:00 AM, Thursday: 10:30 AM – 1:00 AM, Friday: 10:30 AM – 1:30 AM, Saturday: 10:30 AM – 1:30 AM, Sunday: 10:30 AM – 1:00 AM",ChIJy9T1k9gv3YARIQPNoStldu0,3.906156063079834,Long Beach Fire Dept. Station 21,33.7507195,-118.1137669,0.8928696321139706
32,Long Beach,4600 E Los Coyotes Diagonal,90815,33.7911915,-118.1401318,In-N-Out Burger,4.6,"Monday: 10:30 AM – 1:00 AM, Tuesday: 10:30 AM – 1:00 AM, Wednesday: 10:30 AM – 1:00 AM, Thursday: 10:30 AM – 1:00 AM, Friday: 10:30 AM – 1:30 AM, Saturday: 10:30 AM – 1:30 AM, Sunday: 10:30 AM – 1:00 AM",ChIJz3m29JMx3YARId4O4ll1KqU,7.979658126831055,Long Beach Fire Dept. Station 17,33.79830090000001,-118.1363792,0.8632411704112631
33,Long Beach,7691 Carson Blvd,90808,33.8310886,-118.0848507,In-N-Out Burger,4.7,"Monday: 10:30 AM – 1:00 AM, Tuesday: 10:30 AM – 1:00 AM, Wednesday: 10:30 AM – 1:00 AM, Thursday: 10:30 AM – 1:00 AM, Friday: 10:30 AM – 1:30 AM, Saturday: 10:30 AM – 1:30 AM, Sunday: 10:30 AM – 1:00 AM",ChIJve4wOsMt3YAREgJwNvRNmQw,10.46150302886963,Los Angeles County Fire Dept. Station 34,33.83697,-118.072308,1.3303458002180382
34,Long Beach,4041 N Lakewood Blvd,90808,33.8316622,-118.1431017,In-N-Out Burger,4.7,"Monday: 10:30 AM – 1:00 AM, Tuesday: 10:30 AM – 1:00 AM, Wednesday: 10:30 AM – 1:00 AM, Thursday: 10:30 AM – 1:00 AM, Friday: 10:30 AM – 1:30 AM, Saturday: 10:30 AM – 1:30 AM, Sunday: 10:30 AM – 1:00 AM",ChIJdaVMSrsz3YAR-jGIl9eAWFQ,14.03767967224121,Long Beach Fire Dept. Station 19,33.8227243,-118.1343652,1.2802347174335151
35,Los Angeles,9245 Venice Blvd,90034,34.0264602,-118.3942849,In-N-Out Burger,4.5,"Monday: 10:30 AM – 1:00 AM, Tuesday: 10:30 AM – 1:00 AM, Wednesday: 10:30 AM – 1:00 AM, Thursday: 10:30 AM – 1:00 AM, Friday: 10:30 AM – 1:30 AM, Saturday: 10:30 AM – 1:30 AM, Sunday: 10:30 AM – 1:00 AM",ChIJwbhVFCq6woARgQ74YpgDdhw,32.98187255859375,Culver City Fire Department Station 1,34.0225706,-118.3950873,0.43878049254955176
36,Monterey Park,5500 Market Pl Dr,91755,34.0365008,-118.0974343,In-N-Out Burger,4.7,"Monday: 10:30 AM – 1:00 AM, Tuesday: 10:30 AM – 1:00 AM, Wednesday: 10:30 AM – 1:00 AM, Thursday: 10:30 AM – 1:00 AM, Friday: 10:30 AM – 1:30 AM, Saturday: 10:30 AM – 1:30 AM, Sunday: 10:30 AM – 1:00 AM",ChIJQc07F9bRwoARSzkWmu6LJ6I,122.5247039794922,Montebello Fire Dept. Station 55,34.01914780000001,-118.1051864,2.0575689598171616
37,Moorpark,856 New Los Angeles Ave,93021,34.2802008,-118.8654605,In-N-Out Burger,4.7,"Monday: 10:30 AM – 1:00 AM, Tuesday: 10:30 AM – 1:00 AM, Wednesday: 10:30 AM – 1:00 AM, Thursday: 10:30 AM – 1:00 AM, Friday: 10:30 AM – 1:30 AM, Saturday: 10:30 AM – 1:30 AM, Sunday: 10:30 AM – 1:00 AM",ChIJJ8jdJwIy6IARwNYqa6kiyE4,166.9796295166016,Ventura County Fire Station 42,34.2857386,-118.8779926,1.3057259341143286
38,Newhall,25220 The Old Rd,91381,34.3771178,-118.5653501,In-N-Out Burger,4.7,"Monday: 10:30 AM – 1:00 AM, Tuesday: 10:30 AM – 1:00 AM, Wednesday: 10:30 AM – 1:00 AM, Thursday: 10:30 AM – 1:00 AM, Friday: 10:30 AM – 1:30 AM, Saturday: 10:30 AM – 1:30 AM, Sunday: 10:30 AM – 1:00 AM",ChIJhabNFSHJwoARzwCQxNP6Ols,406.9670715332031,Los Angeles County Fire Dept. Station 124,34.3875486,-118.582145,1.9289012789855002
39,North Hollywood,5864 Lankershim Blvd,91601,34.1774723,-118.3819181,In-N-Out Burger,4.6,"Monday: 10:30 AM – 1:00 AM, Tuesday: 10:30 AM – 1:00 AM, Wednesday: 10:30 AM – 1:00 AM, Thursday: 10:30 AM – 1:00 AM, Friday: 10:30 AM – 1:30 AM, Saturday: 10:30 AM – 1:30 AM, Sunday: 10:30 AM – 1:00 AM",ChIJI25WUN2VwoAREUvf8-l0huA,201.462890625,Los Angeles Fire Dept. Station 60,34.168263581095495, -118.37849838954989,1.071203812180514
40,Northridge,9858 Balboa Blvd,91325,34.2500042,-118.5019746,In-N-Out Burger,4.6,"Monday: 10:30 AM – 1:00 AM, Tuesday: 10:30 AM – 1:00 AM, Wednesday: 10:30 AM – 1:00 AM, Thursday: 10:30 AM – 1:00 AM, Friday: 10:30 AM – 1:30 AM, Saturday: 10:30 AM – 1:30 AM, Sunday: 10:30 AM – 1:00 AM",ChIJl7jGuImawoARzc4lb79jXWg,283.5797424316406,Los Angeles Fire Dept. Station 87,34.254638,-118.5018572,0.5153687327394116
41,Northridge,8830 Tampa Ave,91324,34.2308305,-118.5531238,In-N-Out Burger,4.7,"Monday: 10:30 AM – 1:00 AM, Tuesday: 10:30 AM – 1:00 AM, Wednesday: 10:30 AM – 1:00 AM, Thursday: 10:30 AM – 1:00 AM, Friday: 10:30 AM – 1:30 AM, Saturday: 10:30 AM – 1:30 AM, Sunday: 10:30 AM – 1:00 AM",ChIJ64anfaGbwoARggXg0UQWTEU,247.8091583251953,Los Angeles Fire Dept. Station 104,34.222710254936864,-118.5710477957837,1.8790561046605532
42,Norwalk,14330 Pioneer Blvd,90650,33.9012576,-118.0823417,In-N-Out Burger,4.6,"Monday: 10:30 AM – 1:00 AM, Tuesday: 10:30 AM – 1:00 AM, Wednesday: 10:30 AM – 1:00 AM, Thursday: 10:30 AM – 1:00 AM, Friday: 10:30 AM – 1:30 AM, Saturday: 10:30 AM – 1:30 AM, Sunday: 10:30 AM – 1:00 AM",ChIJD3iTq0VN64ARnzTZUdPbTkE,26.81265640258789,Los Angeles County Fire Dept. Station 20,33.91385430841528, -118.07432408371687,1.5841085117201732
43,Oxnard,381 W Esplanade Dr,93036,34.2350342,-119.1796287,In-N-Out Burger,4.6,"Monday: 10:30 AM – 1:00 AM, Tuesday: 10:30 AM – 1:00 AM, Wednesday: 10:30 AM – 1:00 AM, Thursday: 10:30 AM – 1:00 AM, Friday: 10:30 AM – 1:30 AM, Saturday: 10:30 AM – 1:30 AM, Sunday: 10:30 AM – 1:00 AM",ChIJv8zrm1ZM6IARM5a7SipcUOc,22.5903491973877,Oxnard Fire Station 4,34.2257177,-119.1793399,1.036289144683557
44,Palmdale,142 E Palmdale Blvd,93550,34.5793258,-118.127949,In-N-Out Burger,4.7,"Monday: 10:30 AM – 1:00 AM, Tuesday: 10:30 AM – 1:00 AM, Wednesday: 10:30 AM – 1:00 AM, Thursday: 10:30 AM – 1:00 AM, Friday: 10:30 AM – 1:30 AM, Saturday: 10:30 AM – 1:30 AM, Sunday: 10:30 AM – 1:00 AM",ChIJOzT-4zBYwoARWXJRBapAIv4,820.6911010742188,Los Angeles County Fire Dept. Station #37,34.5781094,-118.1139936,1.2847865985056048
45,Panorama City,13651 Roscoe Blvd,91402,34.221955,-118.4307999,In-N-Out Burger,4.6,"Monday: 10:30 AM – 1:00 AM, Tuesday: 10:30 AM – 1:00 AM, Wednesday: 10:30 AM – 1:00 AM, Thursday: 10:30 AM – 1:00 AM, Friday: 10:30 AM – 1:30 AM, Saturday: 10:30 AM – 1:30 AM, Sunday: 10:30 AM – 1:00 AM",ChIJf0lWStKWwoARyOb8-2PE7gM,245.0183563232422,Los Angeles Fire Station 81,34.2131734,-118.4447216,1.6099953716029873
46,Pasadena,2114 E Foothill Blvd,91107,34.1494623,-118.1067843,In-N-Out Burger,4.6,"Monday: 10:30 AM – 1:00 AM, Tuesday: 10:30 AM – 1:00 AM, Wednesday: 10:30 AM – 1:00 AM, Thursday: 10:30 AM – 1:00 AM, Friday: 10:30 AM – 1:30 AM, Saturday: 10:30 AM – 1:30 AM, Sunday: 10:30 AM – 1:00 AM",ChIJmSJ_IazcwoARE0JCnRD1gOg,239.8425750732422,Pasadena Fire Dept. Station 32,34.1542185,-118.1002378,0.8016197196971272
47,Pico Rivera,9070 Whittier Blvd,90660,34.000531,-118.0830505,In-N-Out Burger,4.7,"Monday: 10:30 AM – 1:00 AM, Tuesday: 10:30 AM – 1:00 AM, Wednesday: 10:30 AM – 1:00 AM, Thursday: 10:30 AM – 1:00 AM, Friday: 10:30 AM – 1:30 AM, Saturday: 10:30 AM – 1:30 AM, Sunday: 10:30 AM – 1:00 AM",ChIJIQiWpcHRwoAR4RZjXxUzkP0,54.39466857910156,Los Angeles County Fire Dept. Station 40,34.0014217,-118.0783564,0.44390984372363346
48,Pomona,2505 Garey Ave,91766,34.0257827,-117.749484,In-N-Out Burger,4.6,"Monday: 10:30 AM – 1:00 AM, Tuesday: 10:30 AM – 1:00 AM, Wednesday: 10:30 AM – 1:00 AM, Thursday: 10:30 AM – 1:00 AM, Friday: 10:30 AM – 1:30 AM, Saturday: 10:30 AM – 1:30 AM, Sunday: 10:30 AM – 1:00 AM",ChIJ41SjApTRwoARWQ1azFQ4iSo,233.8183441162109,Los Angeles County Fire Dept. Station 185,34.0375222,-117.7379066,1.6858828248185795
49,Pomona,1851 Indian Hill Blvd,91767,34.0778678,-117.7195831,In-N-Out Burger,4.6,"Monday: 10:30 AM – 1:00 AM, Tuesday: 10:30 AM – 1:00 AM, Wednesday: 10:30 AM – 1:00 AM, Thursday: 10:30 AM – 1:00 AM, Friday: 10:30 AM – 1:30 AM, Saturday: 10:30 AM – 1:30 AM, Sunday: 10:30 AM – 1:00 AM",ChIJwWhqH8Be7IAR4d1a45axax8,306.5010070800781,Los Angeles County Fire Dept. Station 183,34.06617595945478,-117.73649925755227,2.0292467870034145
50,Porter Ranch,19901 Rinaldi St,91326,34.2758444,-118.568076,In-N-Out Burger,4.6,"Monday: 10:30 AM – 11:00 PM, Tuesday: 10:30 AM – 11:00 PM, Wednesday: 10:30 AM – 11:00 PM, Thursday: 10:30 AM – 11:00 PM, Friday: 10:30 AM – 1:00 AM, Saturday: 10:30 AM – 1:00 AM, Sunday: 10:30 AM – 11:00 PM",ChIJzTuIh62EwoARFaKH3wGhsqg,361.4879455566406,La City Fire Station 28,34.2811201,-118.5697103,0.6055457211937805
51,Redondo Beach,3801 Inglewood Ave,90278,33.8921163,-118.3617549,In-N-Out Burger,4.6,"Monday: 10:30 AM – 1:00 AM, Tuesday: 10:30 AM – 1:00 AM, Wednesday: 10:30 AM – 1:00 AM, Thursday: 10:30 AM – 1:00 AM, Friday: 10:30 AM – 1:30 AM, Saturday: 10:30 AM – 1:30 AM, Sunday: 10:30 AM – 1:00 AM",ChIJIUEq5Ua0woARix-eCroc3Ak,18.38988876342773,Los Angeles County Fire Dept. Station 21,33.8980054,-118.3511325,1.17900925235252
52,Rosemead,4242 Rosemead Blvd,91770,34.0839501,-118.0729673,In-N-Out Burger,4.6,"Monday: 10:30 AM – 1:00 AM, Tuesday: 10:30 AM – 1:00 AM, Wednesday: 10:30 AM – 1:00 AM, Thursday: 10:30 AM – 1:00 AM, Friday: 10:30 AM – 1:30 AM, Saturday: 10:30 AM – 1:30 AM, Sunday: 10:30 AM – 1:00 AM",ChIJd1LQlo7awoARI_1xbmwu2Q8,101.3699798583984,Los Angeles County Fire Dept. Station 42,34.08138330000001,-118.0665878,0.6531787781620408
53,San Fernando,11455 Laurel Canyon Blvd,91340,34.2780075,-118.4530002,In-N-Out Burger,4.6,"Monday: 10:30 AM – 1:00 AM, Tuesday: 10:30 AM – 1:00 AM, Wednesday: 10:30 AM – 1:00 AM, Thursday: 10:30 AM – 1:00 AM, Friday: 10:30 AM – 1:30 AM, Saturday: 10:30 AM – 1:30 AM, Sunday: 10:30 AM – 1:00 AM",ChIJ72X5gIO8woARJxRD3YiE0uM,310.8929138183594,Los Angeles Fire Dept. Station 75,34.2725201,-118.4667332,1.401640426859478
54,San Pedro,1090 N Western Ave,90732,33.75339760000001,-118.3086819,In-N-Out Burger,4.6,"Monday: 10:30 AM – 1:00 AM, Tuesday: 10:30 AM – 1:00 AM, Wednesday: 10:30 AM – 1:00 AM, Thursday: 10:30 AM – 1:00 AM, Friday: 10:30 AM – 1:30 AM, Saturday: 10:30 AM – 1:30 AM, Sunday: 10:30 AM – 1:00 AM",ChIJG_xyqI66woARA1e62mBqpQE,90.00223541259766,Los Angeles City Fire Dept Station 36,33.7531421,-118.2933241,1.4201405294764857
55,Santa Clarita,28368 Sand Canyon Rd,91387,34.4236905,-118.4231787,In-N-Out Burger,4.7,"Monday: 10:30 AM – 1:00 AM, Tuesday: 10:30 AM – 1:00 AM, Wednesday: 10:30 AM – 1:00 AM, Thursday: 10:30 AM – 1:00 AM, Friday: 10:30 AM – 1:30 AM, Saturday: 10:30 AM – 1:30 AM, Sunday: 10:30 AM – 1:00 AM",ChIJw824OvwcTIYRuWhpPLzTRps,475.5957336425781,Los Angeles County Fire Dept. Station 132,34.43949778915512,-118.41761652621062,1.8302227194386473
56,Santa Clarita,26401 Bouquet Canyon Rd,91350,34.4254603,-118.5392378,In-N-Out Burger,4.7,"Monday: 10:30 AM – 1:00 AM, Tuesday: 10:30 AM – 1:00 AM, Wednesday: 10:30 AM – 1:00 AM, Thursday: 10:30 AM – 1:00 AM, Friday: 10:30 AM – 1:30 AM, Saturday: 10:30 AM – 1:30 AM, Sunday: 10:30 AM – 1:00 AM",ChIJNY0rgHOHwoARDHBY_HsFI28,356.6925354003906,Los Angeles County Fire Dept. Station 111,34.4341913,-118.5319858,1.1768294609478047
57,Santa Fe Springs,10525 Carmenita Rd,90670,33.9395371,-118.0468306,In-N-Out Burger,4.7,"Monday: 10:30 AM – 1:00 AM, Tuesday: 10:30 AM – 1:00 AM, Wednesday: 10:30 AM – 1:00 AM, Thursday: 10:30 AM – 1:00 AM, Friday: 10:30 AM – 1:30 AM, Saturday: 10:30 AM – 1:30 AM, Sunday: 10:30 AM – 1:00 AM",ChIJ_Uh4zBPTwoARv7HjxH0Uff8,48.87443161010742,Los Angeles County Fire Dept. Station 96,33.937026,-118.0399879,0.6902488262116911
58,Sherman Oaks,4444 Van Nuys Blvd,91403,34.1521118,-118.4483226,In-N-Out Burger,4.6,"Monday: 10:30 AM – 1:00 AM, Tuesday: 10:30 AM – 1:00 AM, Wednesday: 10:30 AM – 1:00 AM, Thursday: 10:30 AM – 1:00 AM, Friday: 10:30 AM – 1:30 AM, Saturday: 10:30 AM – 1:30 AM, Sunday: 10:30 AM – 1:00 AM",ChIJKwCdWzInTIYRA1pZzW_ykaI,201.6773986816406,Los Angeles Fire Dept. Station 88,34.1629735,-118.4665897,2.069749426502516
59,Signal Hill,799 E Spring St,90755,33.8120577,-118.1832562,In-N-Out Burger,4.7,"Monday: 10:30 AM – 1:00 AM, Tuesday: 10:30 AM – 1:00 AM, Wednesday: 10:30 AM – 1:00 AM, Thursday: 10:30 AM – 1:00 AM, Friday: 10:30 AM – 1:30 AM, Saturday: 10:30 AM – 1:30 AM, Sunday: 10:30 AM – 1:00 AM",ChIJH30KBuoz3YAR5VOzz5LwgOM,34.98566818237305,Long Beach Fire Dept. Station 7,33.7986885,-118.1885423,1.5647665045560406
60,Simi Valley,2600 Stearns St,93063,34.2830572,-118.6908939,In-N-Out Burger,4.7,"Monday: 10:30 AM – 1:00 AM, Tuesday: 10:30 AM – 1:00 AM, Wednesday: 10:30 AM – 1:00 AM, Thursday: 10:30 AM – 1:00 AM, Friday: 10:30 AM – 1:30 AM, Saturday: 10:30 AM – 1:30 AM, Sunday: 10:30 AM – 1:00 AM",ChIJO45wW8sp6IARblVjjZ1HIPo,314.6692810058594,Ventura County Fire Department: Station 43 Yosemite,34.27160065666161,-118.67674214612632,1.8203403859211573
61,South Gate,4601 Firestone Blvd,90280,33.9527834,-118.1883747,In-N-Out Burger,4.7,"Monday: 10:30 AM – 1:00 AM, Tuesday: 10:30 AM – 1:00 AM, Wednesday: 10:30 AM – 1:00 AM, Thursday: 10:30 AM – 1:00 AM, Friday: 10:30 AM – 1:30 AM, Saturday: 10:30 AM – 1:30 AM, Sunday: 10:30 AM – 1:00 AM",ChIJjxoi9xvMwoAReB8JXPKsAk0,34.47035217285156,Los Angeles County Fire Dept. Station 54,33.9485101,-118.1839152,0.6284781676566562
62,Studio City,3640 Cahuenga Blvd,90068,34.1350792,-118.3605992,In-N-Out Burger,4.6,"Monday: 10:30 AM – 1:00 AM, Tuesday: 10:30 AM – 1:00 AM, Wednesday: 10:30 AM – 1:00 AM, Thursday: 10:30 AM – 1:00 AM, Friday: 10:30 AM – 1:30 AM, Saturday: 10:30 AM – 1:30 AM, Sunday: 10:30 AM – 1:00 AM",ChIJA3-xX2xow4ARnvqTG2afc78,186.5074615478516,Los Angeles County Fire Dept. Station 51,34.1395946,-118.3565484,0.625370072312436
63,Temple City,10601 Lower Azusa Rd,91780,34.0924921,-118.0384377,In-N-Out Burger,4.6,"Monday: 10:30 AM – 1:00 AM, Tuesday: 10:30 AM – 1:00 AM, Wednesday: 10:30 AM – 1:00 AM, Thursday: 10:30 AM – 1:00 AM, Friday: 10:30 AM – 1:30 AM, Saturday: 10:30 AM – 1:30 AM, Sunday: 10:30 AM – 1:00 AM",ChIJr11dmhPawoARGTIGqrQ7xNs,93.88695526123048,Los Angeles County Fire Dept. Station 166,34.0751636,-118.0417858,1.9513586930358187
64,Thousand Oaks,1550 Newbury Rd,91320,34.1836772,-118.914492,In-N-Out Burger,4.7,"Monday: 10:30 AM – 1:00 AM, Tuesday: 10:30 AM – 1:00 AM, Wednesday: 10:30 AM – 1:00 AM, Thursday: 10:30 AM – 1:00 AM, Friday: 10:30 AM – 1:30 AM, Saturday: 10:30 AM – 1:30 AM, Sunday: 10:30 AM – 1:00 AM",ChIJUYK5j3g66IARypynMOLh86E,194.0152587890625,Ventura County Fire Station 35,34.1886821,-118.9272326,1.2973392113127096
65,Torrance,24445 Crenshaw Blvd,90505,33.8028688,-118.3284331,In-N-Out Burger,4.7,"Monday: 10:30 AM – 1:00 AM, Tuesday: 10:30 AM – 1:00 AM, Wednesday: 10:30 AM – 1:00 AM, Thursday: 10:30 AM – 1:00 AM, Friday: 10:30 AM – 1:30 AM, Saturday: 10:30 AM – 1:30 AM, Sunday: 10:30 AM – 1:00 AM",ChIJBROR1vVK3YARqhLiLMScBQk,24.33811950683594,Torrance Fire Dept. Station 2,33.7965785,-118.3378789,1.1184920051037317
66,Torrance,730 W Carson St,90502,33.8311475,-118.2884053,In-N-Out Burger,4.5,"Monday: 10:30 AM – 1:00 AM, Tuesday: 10:30 AM – 1:00 AM, Wednesday: 10:30 AM – 1:00 AM, Thursday: 10:30 AM – 1:00 AM, Friday: 10:30 AM – 1:30 AM, Saturday: 10:30 AM – 1:30 AM, Sunday: 10:30 AM – 1:00 AM",ChIJ9acaVF013YARO8jLjkmOUnw,13.12542915344238,Los Angeles County Fire Dept. Station 36,33.8246937,-118.2771334,1.2645512624086304
67,Torrance,20150 Hawthorne Blvd,90503,33.8488222,-118.3531803,In-N-Out Burger,4.6,"Monday: 10:30 AM – 1:00 AM, Tuesday: 10:30 AM – 1:00 AM, Wednesday: 10:30 AM – 1:00 AM, Thursday: 10:30 AM – 1:00 AM, Friday: 10:30 AM – 1:30 AM, Saturday: 10:30 AM – 1:30 AM, Sunday: 10:30 AM – 1:00 AM",ChIJA7YvyNu0woARClTuaJOw6_s,30.90094566345215,Torrance Fire Dept. Station 5,33.8482877,-118.3555787,0.2293252049535947
68,Tujunga,6225 Foothill Blvd,91042,34.2410526,-118.2667092,In-N-Out Burger,4.6,"Monday: 10:30 AM – 1:00 AM, Tuesday: 10:30 AM – 1:00 AM, Wednesday: 10:30 AM – 1:00 AM, Thursday: 10:30 AM – 1:00 AM, Friday: 10:30 AM – 1:30 AM, Saturday: 10:30 AM – 1:30 AM, Sunday: 10:30 AM – 1:00 AM",ChIJa0KjiBHrwoARuGnd_VEuvrg,561.2128295898438,Glendale Fire Station 28,34.2300897,-118.2527152,1.772274526559149
69,Van Nuys,7220 Balboa Blvd,91406,34.2018619,-118.5007622,In-N-Out Burger,4.6,"Monday: 10:30 AM – 1:00 AM, Tuesday: 10:30 AM – 1:00 AM, Wednesday: 10:30 AM – 1:00 AM, Thursday: 10:30 AM – 1:00 AM, Friday: 10:30 AM – 1:30 AM, Saturday: 10:30 AM – 1:30 AM, Sunday: 10:30 AM – 1:00 AM",ChIJx5m6Nlew3IARiAs-er3p6lk,231.4308624267578,LAFD Fire Station No. 100,34.193096,-118.5100848,1.2981615170418204
70,Van Nuys,7930 Van Nuys Blvd,91402,34.2150465,-118.4483102,In-N-Out Burger,4.6,"Monday: 10:30 AM – 1:00 AM, Tuesday: 10:30 AM – 1:00 AM, Wednesday: 10:30 AM – 1:00 AM, Thursday: 10:30 AM – 1:00 AM, Friday: 10:30 AM – 1:30 AM, Saturday: 10:30 AM – 1:30 AM, Sunday: 10:30 AM – 1:00 AM",ChIJWRIFiy6XwoARYuWRlr2PwLo,238.9536590576172,Los Angeles Fire Station 81,34.2131734,-118.4447216,0.3902130340326242
71,Ventura,2070 E Harbor Blvd,93001,34.2684093,-119.2728124,In-N-Out Burger,4.6,"Monday: 10:30 AM – 1:00 AM, Tuesday: 10:30 AM – 1:00 AM, Wednesday: 10:30 AM – 1:00 AM, Thursday: 10:30 AM – 1:00 AM, Friday: 10:30 AM – 1:30 AM, Saturday: 10:30 AM – 1:30 AM, Sunday: 10:30 AM – 1:00 AM",ChIJZ6xrwO5w3IARy1aJxHUwwCc,4.102648258209229,Ventura Fire Station 2,34.2760528,-119.265726,1.0706868039018205
72,West Covina,2940 E Garvey Ave N,91791,34.0714295,-117.8819188,In-N-Out Burger,4.7,"Monday: 10:30 AM – 1:00 AM, Tuesday: 10:30 AM – 1:00 AM, Wednesday: 10:30 AM – 1:00 AM, Thursday: 10:30 AM – 1:00 AM, Friday: 10:30 AM – 1:30 AM, Saturday: 10:30 AM – 1:30 AM, Sunday: 10:30 AM – 1:00 AM",ChIJ01MnxKspw4ARhxjy_TtMxok,153.0355377197266,West Covina Fire Dept. Station No.2,34.0648977,-117.8931029,1.260469094874609
73,West Covina,15610 E San Bernardino Rd,91722,34.0897655,-117.9409869,In-N-Out Burger,4.6,"Monday: 10:30 AM – 1:00 AM, Tuesday: 10:30 AM – 1:00 AM, Wednesday: 10:30 AM – 1:00 AM, Thursday: 10:30 AM – 1:00 AM, Friday: 10:30 AM – 1:30 AM, Saturday: 10:30 AM – 1:30 AM, Sunday: 10:30 AM – 1:00 AM",ChIJeyBJXe7XwoARkmRhIpn-bXo,125.3049087524414,West Covina Fire Dept. Station No.3,34.0831024,-117.9361658,0.8637457883148137
74,Westchester,9149 S Sepulveda Blvd,90045,33.9537068,-118.3967825,In-N-Out Burger,4.6,"Monday: 10:30 AM – 1:00 AM, Tuesday: 10:30 AM – 1:00 AM, Wednesday: 10:30 AM – 1:00 AM, Thursday: 10:30 AM – 1:00 AM, Friday: 10:30 AM – 1:30 AM, Saturday: 10:30 AM – 1:30 AM, Sunday: 10:30 AM – 1:00 AM",ChIJ5xHkkNOwwoARfN2_9LZe2qc,33.19931411743164,Los Angeles Fire Dept. Station 5,33.9557077,-118.4040478,0.706078211790924
75,Westlake Village,30780 Russell Ranch Rd,91362,34.147567,-118.7975419,In-N-Out Burger,4.7,"Monday: 10:30 AM – 12:00 AM, Tuesday: 10:30 AM – 12:00 AM, Wednesday: 10:30 AM – 12:00 AM, Thursday: 10:30 AM – 12:00 AM, Friday: 10:30 AM – 12:30 AM, Saturday: 10:30 AM – 12:30 AM, Sunday: 10:30 AM – 12:00 AM",ChIJByzPq24k6IAR-GAGSDCFxrw,299.1280517578125,Los Angeles County Fire Dept. Station 144,34.1389995,-118.8192405,2.212507579801506
76,Westwood,922 Gayley Ave,90024,34.0630706,-118.448026,In-N-Out Burger,4.5,"Monday: 10:30 AM – 1:00 AM, Tuesday: 10:30 AM – 1:00 AM, Wednesday: 10:30 AM – 1:00 AM, Thursday: 10:30 AM – 1:00 AM, Friday: 10:30 AM – 1:30 AM, Saturday: 10:30 AM – 1:30 AM, Sunday: 10:30 AM – 1:00 AM",ChIJKZm9foS8woAR4oa_Lf37xIQ,102.5284805297852,Los Angeles Fire Dept. Station 37,34.0597159,-118.4490069,0.3838140224069881
77,Woodland Hills,19920 Ventura Blvd,91364,34.1719563,-118.5666003,In-N-Out Burger,4.6,"Monday: 10:30 AM – 1:00 AM, Tuesday: 10:30 AM – 1:00 AM, Wednesday: 10:30 AM – 1:00 AM, Thursday: 10:30 AM – 1:00 AM, Friday: 10:30 AM – 1:30 AM, Saturday: 10:30 AM – 1:30 AM, Sunday: 10:30 AM – 1:00 AM",ChIJs85MureewoARtoHg_4bLlnw,257.6712036132812,Los Angeles Fire Dept. Station 93,34.1728693,-118.5492775,1.596882448249457
